#,Format,<LP,id>,<Workload,type>,<client,id>,<Bytes,written>,<Bytes,read>,<Synthetic,data,Received>,<Time,to,write,bytes,>,<Total,elapsed,time>
6,,0,0,0,0,0.000000,3903587408.468950
7,,1,0,0,0,0.000000,3776232055.217589
8,conceptual-checkpoint,2,166666666,0,0,2275210214.169535,3903587667.336520
9,conceptual-checkpoint,3,166666666,0,0,2267315591.213665,3874175748.841963
10,conceptual-checkpoint,4,166666666,0,0,2272578672.686796,3903588861.102057
11,,5,0,0,0,0.000000,3903588861.776066
12,,6,0,0,0,0.000000,3898325780.268604
13,conceptual-checkpoint,7,166666666,0,0,2264684050.729890,3893062698.737928
14,conceptual-checkpoint,8,166666666,0,0,2269947132.541203,3903588862.521214
15,,9,0,0,0,0.000000,3868482275.727207
16,,10,0,0,0,0.000000,3900957321.400706
17,conceptual-checkpoint,11,166666666,0,0,2262052510.119347,3903588516.652055
18,,12,0,0,0,0.000000,3900957319.981548
19,,13,0,0,0,0.000000,3900957320.597147
20,,14,0,0,0,0.000000,3895694239.701159
21,conceptual-checkpoint,15,166666666,0,0,1705034479.866594,3890431158.233831
22,,16,0,0,0,0.000000,3903587408.468950
23,,17,0,0,0,0.000000,3776232055.217589
24,,18,0,0,0,0.000000,3903587667.336520
25,conceptual-checkpoint,19,166666666,0,0,1707666020.153638,3874175748.841963
26,,20,0,0,0,0.000000,3903588861.102057
27,conceptual-checkpoint,21,166666666,0,0,1718678346.487025,3903588861.776066
28,conceptual-checkpoint,22,166666666,0,0,1716046806.242750,3898325780.268604
29,conceptual-checkpoint,23,166666666,0,0,1721309888.190755,3893062698.737928
30,,24,0,0,0,0.000000,3903588862.521214
31,,25,0,0,0,0.000000,3868482275.727207
32,,26,0,0,0,0.000000,3900957321.400706
33,,27,0,0,0,0.000000,3903588516.652055
34,,28,0,0,0,0.000000,3900957319.981548
35,,29,0,0,0,0.000000,3900957320.597147
83,conceptual-checkpoint,30,166666666,0,0,3154310462.891323,3900957320.597147
84,conceptual-checkpoint,31,166666666,0,0,3162205084.601936,3895694239.701159
85,,32,0,0,0,0.000000,3890431158.233831
86,,33,0,0,0,0.000000,3903587408.468950
87,,34,0,0,0,0.000000,3776232055.217589
88,,35,0,0,0,0.000000,3903587667.336520
89,conceptual-checkpoint,36,166666666,0,0,3167468166.138317,3874175748.841963
90,conceptual-checkpoint,37,166666666,0,0,3159573544.057674,3903588861.102057
91,,38,0,0,0,0.000000,3903588861.776066
92,conceptual-checkpoint,39,166666666,0,0,3164836625.914588,3898325780.268604
93,conceptual-checkpoint,40,166666666,0,0,3156942003.490956,3893062698.737928
94,,41,0,0,0,0.000000,3903588862.521214
95,conceptual-checkpoint,42,166666666,0,0,3172731248.673232,3868482275.727207
96,,43,0,0,0,0.000000,3900957321.400706
97,conceptual-checkpoint,44,166666666,0,0,3170099706.567427,3903588516.652055
98,conceptual-checkpoint,45,166666666,0,0,2170050701.542117,3900957319.981548
99,,46,0,0,0,0.000000,3900957320.597147
100,conceptual-checkpoint,47,166666666,0,0,2162156079.361397,3895694239.701159
101,conceptual-checkpoint,48,166666666,0,0,2164787619.757840,3890431158.233831
102,conceptual-checkpoint,49,166666666,0,0,2167419160.357841,3903587408.468950
103,conceptual-checkpoint,50,166666666,0,0,2148400670.300474,3776232055.217589
104,,51,0,0,0,0.000000,3903587667.336520
105,,52,0,0,0,0.000000,3874175748.841963
106,,53,0,0,0,0.000000,3903588861.102057
107,,54,0,0,0,0.000000,3903588861.776066
108,,55,0,0,0,0.000000,3898325780.268604
109,conceptual-checkpoint,56,166666666,0,0,2145769129.887426,3893062698.737928
110,,57,0,0,0,0.000000,3903588862.521214
111,,58,0,0,0,0.000000,3868482275.727207
112,,59,0,0,0,0.000000,3900957321.400706
160,,60,0,0,0,0.000000,3900957321.400706
161,conceptual-checkpoint,61,166666666,0,0,2356183328.553448,3903588516.652055
162,,62,0,0,0,0.000000,3900957319.981548
163,,63,0,0,0,0.000000,3900957320.597147
164,conceptual-checkpoint,64,166666666,0,0,2369695655.453773,3895694239.701159
165,,65,0,0,0,0.000000,3890431158.233831
166,,66,0,0,0,0.000000,3903587408.468950
167,conceptual-checkpoint,67,166666666,0,0,2374958736.259702,3776232055.217589
168,,68,0,0,0,0.000000,3903587667.336520
169,,69,0,0,0,0.000000,3874175748.841963
170,conceptual-checkpoint,70,166666666,0,0,2377590277.211226,3903588861.102057
171,conceptual-checkpoint,71,166666666,0,0,2372327196.260391,3903588861.776066
172,conceptual-checkpoint,72,166666666,0,0,2358814869.135030,3898325780.268604
173,,73,0,0,0,0.000000,3893062698.737928
174,,74,0,0,0,0.000000,3903588862.521214
175,,75,0,0,0,0.000000,3868482275.727207
176,,76,0,0,0,0.000000,3900957321.400706
177,,77,0,0,0,0.000000,3903588516.652055
178,,78,0,0,0,0.000000,3900957319.981548
179,,79,0,0,0,0.000000,3900957320.597147
180,conceptual-checkpoint,80,166666666,0,0,1713546806.240418,3895694239.701159
181,conceptual-checkpoint,81,166666666,0,0,1716178346.044337,3890431158.233831
182,conceptual-checkpoint,82,166666666,0,0,1710915265.396350,3903587408.468950
183,conceptual-checkpoint,83,166666666,0,0,1718809887.131749,3776232055.217589
184,conceptual-checkpoint,84,166666666,0,0,1667037498.999046,3903587667.336520
185,,85,0,0,0,0.000000,3874175748.841963
186,,86,0,0,0,0.000000,3903588861.102057
187,,87,0,0,0,0.000000,3903588861.776066
188,,88,0,0,0,0.000000,3898325780.268604
189,,89,0,0,0,0.000000,3893062698.737928
237,conceptual-checkpoint,90,166666666,0,0,928859458.701194,3893062698.737928
238,,91,0,0,0,0.000000,3903588862.521214
239,,92,0,0,0,0.000000,3868482275.727207
240,,93,0,0,0,0.000000,3900957321.400706
241,,94,0,0,0,0.000000,3903588516.652055
242,,95,0,0,0,0.000000,3900957319.981548
243,,96,0,0,0,0.000000,3900957320.597147
244,,97,0,0,0,0.000000,3895694239.701159
245,conceptual-checkpoint,98,166666666,0,0,926227917.824722,3890431158.233831
246,,99,0,0,0,0.000000,3903587408.468950
247,,100,0,0,0,0.000000,3776232055.217589
248,,101,0,0,0,0.000000,3903587667.336520
249,,102,0,0,0,0.000000,3874175748.841963
250,,103,0,0,0,0.000000,3903588861.102057
251,conceptual-checkpoint,104,166666666,0,0,923596376.984304,3903588861.776066
252,,105,0,0,0,0.000000,3898325780.268604
253,,106,0,0,0,0.000000,3893062698.737928
254,,107,0,0,0,0.000000,3903588862.521214
255,conceptual-checkpoint,108,166666666,0,0,2300801746.700656,3868482275.727207
256,conceptual-checkpoint,109,166666666,0,0,2306064828.233942,3900957321.400706
257,,110,0,0,0,0.000000,3903588516.652055
258,conceptual-checkpoint,111,166666666,0,0,2289920960.962748,3900957319.981548
259,,112,0,0,0,0.000000,3900957320.597147
260,,113,0,0,0,0.000000,3895694239.701159
261,conceptual-checkpoint,114,166666666,0,0,2308696369.277828,3890431158.233831
262,,115,0,0,0,0.000000,3903587408.468950
263,,116,0,0,0,0.000000,3776232055.217589
264,conceptual-checkpoint,117,166666666,0,0,2303433287.506528,3903587667.336520
265,conceptual-checkpoint,118,166666666,0,0,2271033162.305300,3874175748.841963
266,conceptual-checkpoint,119,166666666,0,0,2273664703.112577,3903588861.102057
314,,120,0,0,0,0.000000,3903588861.102057
315,conceptual-checkpoint,121,166666666,0,0,1469315429.398482,3903588861.776066
316,,122,0,0,0,0.000000,3898325780.268604
317,,123,0,0,0,0.000000,3893062698.737928
318,,124,0,0,0,0.000000,3903588862.521214
319,conceptual-checkpoint,125,166666666,0,0,1471946969.897084,3868482275.727207
320,,126,0,0,0,0.000000,3900957321.400706
321,,127,0,0,0,0.000000,3903588516.652055
322,,128,0,0,0,0.000000,3900957319.981548
323,,129,0,0,0,0.000000,3900957320.597147
324,conceptual-checkpoint,130,166666666,0,0,1477453133.164151,3895694239.701159
325,conceptual-checkpoint,131,166666666,0,0,1480084674.558756,3890431158.233831
326,,132,0,0,0,0.000000,3903587408.468950
327,,133,0,0,0,0.000000,3776232055.217589
328,,134,0,0,0,0.000000,3903587667.336520
329,,135,0,0,0,0.000000,3874175748.841963
330,conceptual-checkpoint,136,166666666,0,0,2057272259.130094,3903588861.102057
331,,137,0,0,0,0.000000,3903588861.776066
332,conceptual-checkpoint,138,166666666,0,0,2059903799.667696,3898325780.268604
333,conceptual-checkpoint,139,166666666,0,0,2062535340.525271,3893062698.737928
334,conceptual-checkpoint,140,166666666,0,0,2043253768.685970,3903588862.521214
335,,141,0,0,0,0.000000,3868482275.727207
336,,142,0,0,0,0.000000,3900957321.400706
337,,143,0,0,0,0.000000,3903588516.652055
338,,144,0,0,0,0.000000,3900957319.981548
339,,145,0,0,0,0.000000,3900957320.597147
340,conceptual-checkpoint,146,166666666,0,0,2054453406.021912,3895694239.701159
341,conceptual-checkpoint,147,166666666,0,0,2051634554.591292,3890431158.233831
342,,148,0,0,0,0.000000,3903587408.468950
343,,149,0,0,0,0.000000,3776232055.217589
391,,150,0,0,0,0.000000,3776232055.217589
392,conceptual-checkpoint,151,166666666,0,0,1375128246.076131,3903587667.336520
393,,152,0,0,0,0.000000,3874175748.841963
394,conceptual-checkpoint,153,166666666,0,0,1369865164.494089,3903588861.102057
395,,154,0,0,0,0.000000,3903588861.776066
396,,155,0,0,0,0.000000,3898325780.268604
397,,156,0,0,0,0.000000,3893062698.737928
398,,157,0,0,0,0.000000,3903588862.521214
399,conceptual-checkpoint,158,166666666,0,0,1372496705.288618,3868482275.727207
400,,159,0,0,0,0.000000,3900957321.400706
401,conceptual-checkpoint,160,166666666,0,0,1377759786.653650,3903588516.652055
402,,161,0,0,0,0.000000,3900957319.981548
403,,162,0,0,0,0.000000,3900957320.597147
404,,163,0,0,0,0.000000,3895694239.701159
405,,164,0,0,0,0.000000,3890431158.233831
406,,165,0,0,0,0.000000,3903587408.468950
407,,166,0,0,0,0.000000,3776232055.217589
408,,167,0,0,0,0.000000,3903587667.336520
409,,168,0,0,0,0.000000,3874175748.841963
410,conceptual-checkpoint,169,166666666,0,0,2143637811.467395,3903588861.102057
411,,170,0,0,0,0.000000,3903588861.776066
412,,171,0,0,0,0.000000,3898325780.268604
413,conceptual-checkpoint,172,166666666,0,0,2154518597.787561,3893062698.737928
414,conceptual-checkpoint,173,166666666,0,0,2159781678.829801,3903588862.521214
415,,174,0,0,0,0.000000,3868482275.727207
416,,175,0,0,0,0.000000,3900957321.400706
417,conceptual-checkpoint,176,166666666,0,0,2157150138.438013,3903588516.652055
418,conceptual-checkpoint,177,166666666,0,0,2162413219.052293,3900957319.981548
419,conceptual-checkpoint,178,166666666,0,0,2086322639.011304,3900957320.597147
420,,179,0,0,0,0.000000,3895694239.701159
468,,180,0,0,0,0.000000,3895694239.701159
469,,181,0,0,0,0.000000,3890431158.233831
470,,182,0,0,0,0.000000,3903587408.468950
471,,183,0,0,0,0.000000,3776232055.217589
472,,184,0,0,0,0.000000,3903587667.336520
473,conceptual-checkpoint,185,166666666,0,0,372315393.778106,3874175748.841963
474,,186,0,0,0,0.000000,3903588861.102057
475,,187,0,0,0,0.000000,3903588861.776066
476,,188,0,0,0,0.000000,3898325780.268604
477,,189,0,0,0,0.000000,3893062698.737928
478,,190,0,0,0,0.000000,3903588862.521214
479,,191,0,0,0,0.000000,3868482275.727207
480,,192,0,0,0,0.000000,3900957321.400706
481,,193,0,0,0,0.000000,3903588516.652055
482,conceptual-checkpoint,194,166666666,0,0,375134245.759608,3900957319.981548
483,conceptual-checkpoint,195,166666666,0,0,1923577232.702727,3900957320.597147
484,,196,0,0,0,0.000000,3895694239.701159
485,,197,0,0,0,0.000000,3890431158.233831
486,,198,0,0,0,0.000000,3903587408.468950
487,conceptual-checkpoint,199,166666666,0,0,1915383758.389544,3776232055.217589
488,conceptual-checkpoint,200,166666666,0,0,1912752217.689344,3903587667.336520
489,,201,0,0,0,0.000000,3874175748.841963
490,,202,0,0,0,0.000000,3903588861.102057
491,,203,0,0,0,0.000000,3903588861.776066
492,,204,0,0,0,0.000000,3898325780.268604
493,,205,0,0,0,0.000000,3893062698.737928
494,conceptual-checkpoint,206,166666666,0,0,1928840314.016228,3903588862.521214
495,conceptual-checkpoint,207,166666666,0,0,1926208773.684376,3868482275.727207
496,,208,0,0,0,0.000000,3900957321.400706
497,,209,0,0,0,0.000000,3903588516.652055
545,,210,0,0,0,0.000000,3903588516.652055
546,,211,0,0,0,0.000000,3900957319.981548
547,,212,0,0,0,0.000000,3900957320.597147
548,conceptual-checkpoint,213,166666666,0,0,926227919.348704,3895694239.701159
549,,214,0,0,0,0.000000,3890431158.233831
550,,215,0,0,0,0.000000,3903587408.468950
551,,216,0,0,0,0.000000,3776232055.217589
552,conceptual-checkpoint,217,166666666,0,0,928859459.439467,3903587667.336520
553,,218,0,0,0,0.000000,3874175748.841963
554,,219,0,0,0,0.000000,3903588861.102057
555,conceptual-checkpoint,220,166666666,0,0,923596378.031623,3903588861.776066
556,,221,0,0,0,0.000000,3898325780.268604
557,,222,0,0,0,0.000000,3893062698.737928
558,,223,0,0,0,0.000000,3903588862.521214
559,,224,0,0,0,0.000000,3868482275.727207
560,conceptual-checkpoint,225,166666666,0,0,1705550301.077005,3900957321.400706
561,,226,0,0,0,0.000000,3903588516.652055
562,,227,0,0,0,0.000000,3900957319.981548
563,,228,0,0,0,0.000000,3900957320.597147
564,,229,0,0,0,0.000000,3895694239.701159
565,conceptual-checkpoint,230,166666666,0,0,1713688004.966502,3890431158.233831
566,conceptual-checkpoint,231,166666666,0,0,1711056464.545089,3903587408.468950
567,,232,0,0,0,0.000000,3776232055.217589
568,,233,0,0,0,0.000000,3903587667.336520
569,,234,0,0,0,0.000000,3874175748.841963
570,,235,0,0,0,0.000000,3903588861.102057
571,conceptual-checkpoint,236,166666666,0,0,1702918761.019950,3903588861.776066
572,,237,0,0,0,0.000000,3898325780.268604
573,,238,0,0,0,0.000000,3893062698.737928
574,conceptual-checkpoint,239,166666666,0,0,1659040144.545727,3903588862.521214
622,,240,0,0,0,0.000000,3903588862.521214
623,,241,0,0,0,0.000000,3868482275.727207
624,,242,0,0,0,0.000000,3900957321.400706
625,conceptual-checkpoint,243,166666666,0,0,1915464516.382071,3903588516.652055
626,,244,0,0,0,0.000000,3900957319.981548
627,,245,0,0,0,0.000000,3900957320.597147
628,conceptual-checkpoint,246,166666666,0,0,1920727598.038680,3895694239.701159
629,,247,0,0,0,0.000000,3890431158.233831
630,,248,0,0,0,0.000000,3903587408.468950
631,conceptual-checkpoint,249,166666666,0,0,1926233760.989175,3776232055.217589
632,,250,0,0,0,0.000000,3903587667.336520
633,conceptual-checkpoint,251,166666666,0,0,1928865302.234919,3874175748.841963
634,,252,0,0,0,0.000000,3903588861.102057
635,,253,0,0,0,0.000000,3903588861.776066
636,conceptual-checkpoint,254,166666666,0,0,1918096056.849562,3898325780.268604
637,,255,0,0,0,0.000000,3893062698.737928
638,,256,0,0,0,0.000000,3903588862.521214
639,,257,0,0,0,0.000000,3868482275.727207
640,conceptual-checkpoint,258,166666666,0,0,477502705.930826,3900957321.400706
641,,259,0,0,0,0.000000,3903588516.652055
642,conceptual-checkpoint,260,166666666,0,0,480134246.682164,3900957319.981548
643,,261,0,0,0,0.000000,3900957320.597147
644,,262,0,0,0,0.000000,3895694239.701159
645,,263,0,0,0,0.000000,3890431158.233831
646,,264,0,0,0,0.000000,3903587408.468950
647,,265,0,0,0,0.000000,3776232055.217589
648,,266,0,0,0,0.000000,3903587667.336520
649,,267,0,0,0,0.000000,3874175748.841963
650,,268,0,0,0,0.000000,3903588861.102057
651,,269,0,0,0,0.000000,3903588861.776066
699,,270,0,0,0,0.000000,3903588861.776066
700,,271,0,0,0,0.000000,3898325780.268604
701,,272,0,0,0,0.000000,3893062698.737928
702,,273,0,0,0,0.000000,3903588862.521214
703,conceptual-checkpoint,274,166666666,0,0,1361440807.095020,3868482275.727207
704,,275,0,0,0,0.000000,3900957321.400706
705,,276,0,0,0,0.000000,3903588516.652055
706,,277,0,0,0,0.000000,3900957319.981548
707,,278,0,0,0,0.000000,3900957320.597147
708,conceptual-checkpoint,279,166666666,0,0,1369821593.296232,3895694239.701159
709,conceptual-checkpoint,280,166666666,0,0,1375084674.854684,3890431158.233831
710,conceptual-checkpoint,281,166666666,0,0,1372453134.118001,3903587408.468950
711,,282,0,0,0,0.000000,3776232055.217589
712,,283,0,0,0,0.000000,3903587667.336520
713,,284,0,0,0,0.000000,3874175748.841963
714,conceptual-checkpoint,285,166666666,0,0,1471946971.211834,3903588861.102057
715,conceptual-checkpoint,286,166666666,0,0,1469315429.906389,3903588861.776066
716,,287,0,0,0,0.000000,3898325780.268604
717,,288,0,0,0,0.000000,3893062698.737928
718,,289,0,0,0,0.000000,3903588862.521214
719,,290,0,0,0,0.000000,3868482275.727207
720,conceptual-checkpoint,291,166666666,0,0,1477453134.026513,3900957321.400706
721,,292,0,0,0,0.000000,3903588516.652055
722,conceptual-checkpoint,293,166666666,0,0,1480084675.357741,3900957319.981548
723,,294,0,0,0,0.000000,3900957320.597147
724,,295,0,0,0,0.000000,3895694239.701159
725,,296,0,0,0,0.000000,3890431158.233831
726,,297,0,0,0,0.000000,3903587408.468950
727,,298,0,0,0,0.000000,3776232055.217589
728,,299,0,0,0,0.000000,3903587667.336520
776,,300,0,0,0,0.000000,3903587667.336520
777,conceptual-checkpoint,301,166666666,0,0,2369695893.674472,3874175748.841963
778,,302,0,0,0,0.000000,3903588861.102057
779,conceptual-checkpoint,303,166666666,0,0,2374958974.856548,3903588861.776066
780,,304,0,0,0,0.000000,3898325780.268604
781,conceptual-checkpoint,305,166666666,0,0,2377590515.271969,3893062698.737928
782,conceptual-checkpoint,306,166666666,0,0,2372327433.936135,3903588862.521214
783,,307,0,0,0,0.000000,3868482275.727207
784,,308,0,0,0,0.000000,3900957321.400706
785,conceptual-checkpoint,309,166666666,0,0,2358815107.384922,3903588516.652055
786,,310,0,0,0,0.000000,3900957319.981548
787,,311,0,0,0,0.000000,3900957320.597147
788,conceptual-checkpoint,312,166666666,0,0,2356183566.699357,3895694239.701159
789,,313,0,0,0,0.000000,3890431158.233831
790,,314,0,0,0,0.000000,3903587408.468950
791,,315,0,0,0,0.000000,3776232055.217589
792,,316,0,0,0,0.000000,3903587667.336520
793,,317,0,0,0,0.000000,3874175748.841963
794,conceptual-checkpoint,318,166666666,0,0,1702918761.304049,3903588861.102057
795,,319,0,0,0,0.000000,3903588861.776066
796,,320,0,0,0,0.000000,3898325780.268604
797,conceptual-checkpoint,321,166666666,0,0,1705550301.906494,3893062698.737928
798,,322,0,0,0,0.000000,3903588862.521214
799,,323,0,0,0,0.000000,3868482275.727207
800,conceptual-checkpoint,324,166666666,0,0,1713688005.499535,3900957321.400706
801,,325,0,0,0,0.000000,3903588516.652055
802,,326,0,0,0,0.000000,3900957319.981548
803,conceptual-checkpoint,327,166666666,0,0,1711056465.021811,3900957320.597147
804,,328,0,0,0,0.000000,3895694239.701159
805,conceptual-checkpoint,329,166666666,0,0,1659040145.145816,3890431158.233831
853,,330,0,0,0,0.000000,3890431158.233831
854,conceptual-checkpoint,331,166666666,0,0,477677579.837988,3903587408.468950
855,conceptual-checkpoint,332,166666666,0,0,480309120.422795,3776232055.217589
856,,333,0,0,0,0.000000,3903587667.336520
857,,334,0,0,0,0.000000,3874175748.841963
858,,335,0,0,0,0.000000,3903588861.102057
859,,336,0,0,0,0.000000,3903588861.776066
860,,337,0,0,0,0.000000,3898325780.268604
861,,338,0,0,0,0.000000,3893062698.737928
862,,339,0,0,0,0.000000,3903588862.521214
863,,340,0,0,0,0.000000,3868482275.727207
864,,341,0,0,0,0.000000,3900957321.400706
865,,342,0,0,0,0.000000,3903588516.652055
866,,343,0,0,0,0.000000,3900957319.981548
867,,344,0,0,0,0.000000,3900957320.597147
868,conceptual-checkpoint,345,166666666,0,0,2736014633.706346,3895694239.701159
869,,346,0,0,0,0.000000,3890431158.233831
870,conceptual-checkpoint,347,166666666,0,0,2749526960.326364,3903587408.468950
871,conceptual-checkpoint,348,166666666,0,0,2754790041.683245,3776232055.217589
872,,349,0,0,0,0.000000,3903587667.336520
873,conceptual-checkpoint,350,166666666,0,0,2752158500.868650,3874175748.841963
874,,351,0,0,0,0.000000,3903588861.102057
875,conceptual-checkpoint,352,166666666,0,0,2757421582.266245,3903588861.776066
876,,353,0,0,0,0.000000,3898325780.268604
877,,354,0,0,0,0.000000,3893062698.737928
878,,355,0,0,0,0.000000,3903588862.521214
879,,356,0,0,0,0.000000,3868482275.727207
880,conceptual-checkpoint,357,166666666,0,0,2738646174.337831,3900957321.400706
881,conceptual-checkpoint,358,166666666,0,0,2711752212.766892,3903588516.652055
882,conceptual-checkpoint,359,166666666,0,0,2714383753.394743,3900957319.981548
930,,360,0,0,0,0.000000,3900957319.981548
931,,361,0,0,0,0.000000,3900957320.597147
932,,362,0,0,0,0.000000,3895694239.701159
933,,363,0,0,0,0.000000,3890431158.233831
934,,364,0,0,0,0.000000,3903587408.468950
935,conceptual-checkpoint,365,166666666,0,0,928859458.548891,3776232055.217589
936,,366,0,0,0,0.000000,3903587667.336520
937,,367,0,0,0,0.000000,3874175748.841963
938,,368,0,0,0,0.000000,3903588861.102057
939,,369,0,0,0,0.000000,3903588861.776066
940,conceptual-checkpoint,370,166666666,0,0,926227918.317153,3898325780.268604
941,,371,0,0,0,0.000000,3893062698.737928
942,,372,0,0,0,0.000000,3903588862.521214
943,conceptual-checkpoint,373,166666666,0,0,923596377.560050,3868482275.727207
944,,374,0,0,0,0.000000,3900957321.400706
945,,375,0,0,0,0.000000,3903588516.652055
946,conceptual-checkpoint,376,166666666,0,0,2708638433.690175,3900957319.981548
947,,377,0,0,0,0.000000,3900957320.597147
948,conceptual-checkpoint,378,166666666,0,0,2700743811.225912,3895694239.701159
949,,379,0,0,0,0.000000,3890431158.233831
950,,380,0,0,0,0.000000,3903587408.468950
951,conceptual-checkpoint,381,166666666,0,0,2695480729.669185,3776232055.217589
952,,382,0,0,0,0.000000,3903587667.336520
953,conceptual-checkpoint,383,166666666,0,0,2703375352.288326,3874175748.841963
954,,384,0,0,0,0.000000,3903588861.102057
955,,385,0,0,0,0.000000,3903588861.776066
956,conceptual-checkpoint,386,166666666,0,0,2698112270.330895,3898325780.268604
957,conceptual-checkpoint,387,166666666,0,0,2706006892.980814,3893062698.737928
958,conceptual-checkpoint,388,166666666,0,0,2583857398.604696,3903588862.521214
959,,389,0,0,0,0.000000,3868482275.727207
1007,,390,0,0,0,0.000000,3868482275.727207
1008,conceptual-checkpoint,391,166666666,0,0,2930163988.506431,3900957321.400706
1009,,392,0,0,0,0.000000,3903588516.652055
1010,,393,0,0,0,0.000000,3900957319.981548
1011,conceptual-checkpoint,394,166666666,0,0,2952001330.393081,3900957320.597147
1012,,395,0,0,0,0.000000,3895694239.701159
1013,conceptual-checkpoint,396,166666666,0,0,2946550937.139842,3890431158.233831
1014,,397,0,0,0,0.000000,3903587408.468950
1015,conceptual-checkpoint,398,166666666,0,0,2960083263.695225,3776232055.217589
1016,conceptual-checkpoint,399,166666666,0,0,2957451722.757852,3903587667.336520
1017,conceptual-checkpoint,400,166666666,0,0,2954820182.449671,3874175748.841963
1018,,401,0,0,0,0.000000,3903588861.102057
1019,conceptual-checkpoint,402,166666666,0,0,2943919396.309787,3903588861.776066
1020,,403,0,0,0,0.000000,3898325780.268604
1021,conceptual-checkpoint,404,166666666,0,0,2949369789.488328,3893062698.737928
1022,,405,0,0,0,0.000000,3903588862.521214
1023,conceptual-checkpoint,406,166666666,0,0,1702918760.811659,3868482275.727207
1024,,407,0,0,0,0.000000,3900957321.400706
1025,,408,0,0,0,0.000000,3903588516.652055
1026,,409,0,0,0,0.000000,3900957319.981548
1027,,410,0,0,0,0.000000,3900957320.597147
1028,conceptual-checkpoint,411,166666666,0,0,1705550301.378078,3895694239.701159
1029,,412,0,0,0,0.000000,3890431158.233831
1030,,413,0,0,0,0.000000,3903587408.468950
1031,,414,0,0,0,0.000000,3776232055.217589
1032,,415,0,0,0,0.000000,3903587667.336520
1033,conceptual-checkpoint,416,166666666,0,0,1713688005.453846,3874175748.841963
1034,conceptual-checkpoint,417,166666666,0,0,1711056465.523916,3903588861.102057
1035,conceptual-checkpoint,418,166666666,0,0,1659040145.190675,3903588861.776066
1036,,419,0,0,0,0.000000,3898325780.268604
1084,,420,0,0,0,0.000000,3898325780.268604
1085,conceptual-checkpoint,421,166666666,0,0,928859459.026347,3893062698.737928
1086,,422,0,0,0,0.000000,3903588862.521214
1087,,423,0,0,0,0.000000,3868482275.727207
1088,,424,0,0,0,0.000000,3900957321.400706
1089,,425,0,0,0,0.000000,3903588516.652055
1090,,426,0,0,0,0.000000,3900957319.981548
1091,,427,0,0,0,0.000000,3900957320.597147
1092,,428,0,0,0,0.000000,3895694239.701159
1093,,429,0,0,0,0.000000,3890431158.233831
1094,conceptual-checkpoint,430,166666666,0,0,923596377.864918,3903587408.468950
1095,,431,0,0,0,0.000000,3776232055.217589
1096,conceptual-checkpoint,432,166666666,0,0,926227917.732649,3903587667.336520
1097,,433,0,0,0,0.000000,3874175748.841963
1098,,434,0,0,0,0.000000,3903588861.102057
1099,,435,0,0,0,0.000000,3903588861.776066
1100,,436,0,0,0,0.000000,3898325780.268604
1101,,437,0,0,0,0.000000,3893062698.737928
1102,conceptual-checkpoint,438,166666666,0,0,1028727919.217865,3903588862.521214
1103,conceptual-checkpoint,439,166666666,0,0,1031359459.729840,3868482275.727207
1104,,440,0,0,0,0.000000,3900957321.400706
1105,,441,0,0,0,0.000000,3903588516.652055
1106,,442,0,0,0,0.000000,3900957319.981548
1107,,443,0,0,0,0.000000,3900957320.597147
1108,,444,0,0,0,0.000000,3895694239.701159
1109,conceptual-checkpoint,445,166666666,0,0,1023221755.862631,3890431158.233831
1110,,446,0,0,0,0.000000,3903587408.468950
1111,,447,0,0,0,0.000000,3776232055.217589
1112,,448,0,0,0,0.000000,3903587667.336520
1113,,449,0,0,0,0.000000,3874175748.841963
1161,,450,0,0,0,0.000000,3874175748.841963
1162,,451,0,0,0,0.000000,3903588861.102057
1163,,452,0,0,0,0.000000,3903588861.776066
1164,,453,0,0,0,0.000000,3898325780.268604
1165,conceptual-checkpoint,454,166666666,0,0,928859459.506666,3893062698.737928
1166,,455,0,0,0,0.000000,3903588862.521214
1167,,456,0,0,0,0.000000,3868482275.727207
1168,,457,0,0,0,0.000000,3900957321.400706
1169,,458,0,0,0,0.000000,3903588516.652055
1170,,459,0,0,0,0.000000,3900957319.981548
1171,,460,0,0,0,0.000000,3900957320.597147
1172,conceptual-checkpoint,461,166666666,0,0,926227918.818707,3895694239.701159
1173,,462,0,0,0,0.000000,3890431158.233831
1174,conceptual-checkpoint,463,166666666,0,0,923596378.254330,3903587408.468950
1175,,464,0,0,0,0.000000,3776232055.217589
1176,,465,0,0,0,0.000000,3903587667.336520
1177,conceptual-checkpoint,466,166666666,0,0,1713688005.337283,3874175748.841963
1178,,467,0,0,0,0.000000,3903588861.102057
1179,,468,0,0,0,0.000000,3903588861.776066
1180,conceptual-checkpoint,469,166666666,0,0,1711056465.185812,3898325780.268604
1181,,470,0,0,0,0.000000,3893062698.737928
1182,conceptual-checkpoint,471,166666666,0,0,1702918761.072186,3903588862.521214
1183,,472,0,0,0,0.000000,3868482275.727207
1184,,473,0,0,0,0.000000,3900957321.400706
1185,conceptual-checkpoint,474,166666666,0,0,1705550301.661367,3903588516.652055
1186,,475,0,0,0,0.000000,3900957319.981548
1187,,476,0,0,0,0.000000,3900957320.597147
1188,,477,0,0,0,0.000000,3895694239.701159
1189,,478,0,0,0,0.000000,3890431158.233831
1190,conceptual-checkpoint,479,166666666,0,0,1659040144.621582,3903587408.468950
1238,,480,0,0,0,0.000000,3903587408.468950
1239,,481,0,0,0,0.000000,3776232055.217589
1240,,482,0,0,0,0.000000,3903587667.336520
1241,,483,0,0,0,0.000000,3874175748.841963
1242,,484,0,0,0,0.000000,3903588861.102057
1243,,485,0,0,0,0.000000,3903588861.776066
1244,conceptual-checkpoint,486,166666666,0,0,1710903067.458578,3898325780.268604
1245,conceptual-checkpoint,487,166666666,0,0,1708084215.597163,3893062698.737928
1246,conceptual-checkpoint,488,166666666,0,0,1713721919.752845,3903588862.521214
1247,conceptual-checkpoint,489,166666666,0,0,1718985001.302380,3868482275.727207
1248,conceptual-checkpoint,490,166666666,0,0,1716353459.949481,3900957321.400706
1249,,491,0,0,0,0.000000,3903588516.652055
1250,,492,0,0,0,0.000000,3900957319.981548
1251,,493,0,0,0,0.000000,3900957320.597147
1252,,494,0,0,0,0.000000,3895694239.701159
1253,conceptual-checkpoint,495,166666666,0,0,2722765388.401779,3890431158.233831
1254,,496,0,0,0,0.000000,3903587408.468950
1255,,497,0,0,0,0.000000,3776232055.217589
1256,,498,0,0,0,0.000000,3903587667.336520
1257,,499,0,0,0,0.000000,3874175748.841963
1258,conceptual-checkpoint,500,166666666,0,0,2749790040.666428,3903588861.102057
1259,conceptual-checkpoint,501,166666666,0,0,2752421581.708782,3903588861.776066
1260,conceptual-checkpoint,502,166666666,0,0,2747158500.168233,3898325780.268604
1261,conceptual-checkpoint,503,166666666,0,0,2744526960.165441,3893062698.737928
1262,,504,0,0,0,0.000000,3903588862.521214
1263,,505,0,0,0,0.000000,3868482275.727207
1264,conceptual-checkpoint,506,166666666,0,0,2725396929.143949,3900957321.400706
1265,,507,0,0,0,0.000000,3903588516.652055
1266,conceptual-checkpoint,508,166666666,0,0,2714383753.028226,3900957319.981548
1267,conceptual-checkpoint,509,166666666,0,0,2711752212.194786,3900957320.597147
1315,,510,0,0,0,0.000000,3900957320.597147
1316,,511,0,0,0,0.000000,3895694239.701159
1317,conceptual-checkpoint,512,166666666,0,0,1469315428.818985,3890431158.233831
1318,,513,0,0,0,0.000000,3903587408.468950
1319,,514,0,0,0,0.000000,3776232055.217589
1320,conceptual-checkpoint,515,166666666,0,0,1480084672.284241,3903587667.336520
1321,,516,0,0,0,0.000000,3874175748.841963
1322,conceptual-checkpoint,517,166666666,0,0,1477453132.342856,3903588861.102057
1323,conceptual-checkpoint,518,166666666,0,0,1471946969.318050,3903588861.776066
1324,,519,0,0,0,0.000000,3898325780.268604
1325,,520,0,0,0,0.000000,3893062698.737928
1326,,521,0,0,0,0.000000,3903588862.521214
1327,,522,0,0,0,0.000000,3868482275.727207
1328,,523,0,0,0,0.000000,3900957321.400706
1329,,524,0,0,0,0.000000,3903588516.652055
1330,,525,0,0,0,0.000000,3900957319.981548
1331,,526,0,0,0,0.000000,3900957320.597147
1332,,527,0,0,0,0.000000,3895694239.701159
1333,,528,0,0,0,0.000000,3890431158.233831
1334,conceptual-checkpoint,529,166666666,0,0,1256825087.555640,3903587408.468950
1335,,530,0,0,0,0.000000,3776232055.217589
1336,,531,0,0,0,0.000000,3903587667.336520
1337,,532,0,0,0,0.000000,3874175748.841963
1338,,533,0,0,0,0.000000,3903588861.102057
1339,,534,0,0,0,0.000000,3903588861.776066
1340,,535,0,0,0,0.000000,3898325780.268604
1341,conceptual-checkpoint,536,166666666,0,0,1262331250.364669,3893062698.737928
1342,conceptual-checkpoint,537,166666666,0,0,1264962791.506443,3903588862.521214
1343,,538,0,0,0,0.000000,3868482275.727207
1344,conceptual-checkpoint,539,166666666,0,0,1226383028.067785,3900957321.400706
1392,,540,0,0,0,0.000000,3900957321.400706
1393,,541,0,0,0,0.000000,3903588516.652055
1394,conceptual-checkpoint,542,166666666,0,0,1223409067.425370,3900957319.981548
1395,,543,0,0,0,0.000000,3900957320.597147
1396,,544,0,0,0,0.000000,3895694239.701159
1397,,545,0,0,0,0.000000,3890431158.233831
1398,,546,0,0,0,0.000000,3903587408.468950
1399,,547,0,0,0,0.000000,3776232055.217589
1400,conceptual-checkpoint,548,166666666,0,0,1226040608.700368,3903587667.336520
1401,,549,0,0,0,0.000000,3874175748.841963
1402,,550,0,0,0,0.000000,3903588861.102057
1403,,551,0,0,0,0.000000,3903588861.776066
1404,conceptual-checkpoint,552,166666666,0,0,1228859459.583502,3898325780.268604
1405,,553,0,0,0,0.000000,3893062698.737928
1406,,554,0,0,0,0.000000,3903588862.521214
1407,conceptual-checkpoint,555,166666666,0,0,1228859482.448983,3868482275.727207
1408,,556,0,0,0,0.000000,3900957321.400706
1409,,557,0,0,0,0.000000,3903588516.652055
1410,,558,0,0,0,0.000000,3900957319.981548
1411,conceptual-checkpoint,559,166666666,0,0,1223409067.139634,3900957320.597147
1412,,560,0,0,0,0.000000,3895694239.701159
1413,,561,0,0,0,0.000000,3890431158.233831
1414,,562,0,0,0,0.000000,3903587408.468950
1415,conceptual-checkpoint,563,166666666,0,0,1226040608.128455,3776232055.217589
1416,,564,0,0,0,0.000000,3903587667.336520
1417,,565,0,0,0,0.000000,3874175748.841963
1418,,566,0,0,0,0.000000,3903588861.102057
1419,,567,0,0,0,0.000000,3903588861.776066
1420,,568,0,0,0,0.000000,3898325780.268604
1421,,569,0,0,0,0.000000,3893062698.737928
1469,,570,0,0,0,0.000000,3893062698.737928
1470,,571,0,0,0,0.000000,3903588862.521214
1471,conceptual-checkpoint,572,166666666,0,0,1920727360.437709,3868482275.727207
1472,,573,0,0,0,0.000000,3900957321.400706
1473,conceptual-checkpoint,574,166666666,0,0,1918095819.773530,3903588516.652055
1474,,575,0,0,0,0.000000,3900957319.981548
1475,,576,0,0,0,0.000000,3900957320.597147
1476,,577,0,0,0,0.000000,3895694239.701159
1477,conceptual-checkpoint,578,166666666,0,0,1926233523.472912,3890431158.233831
1478,,579,0,0,0,0.000000,3903587408.468950
1479,conceptual-checkpoint,580,166666666,0,0,1928865063.709652,3776232055.217589
1480,,581,0,0,0,0.000000,3903587667.336520
1481,,582,0,0,0,0.000000,3874175748.841963
1482,conceptual-checkpoint,583,166666666,0,0,1915464278.566249,3903588861.102057
1483,,584,0,0,0,0.000000,3903588861.776066
1484,,585,0,0,0,0.000000,3898325780.268604
1485,conceptual-checkpoint,586,166666666,0,0,2144331285.789018,3893062698.737928
1486,,587,0,0,0,0.000000,3903588862.521214
1487,conceptual-checkpoint,588,166666666,0,0,2141512433.077065,3868482275.727207
1488,,589,0,0,0,0.000000,3900957321.400706
1489,conceptual-checkpoint,590,166666666,0,0,2149781678.364377,3903588516.652055
1490,conceptual-checkpoint,591,166666666,0,0,2147150138.015699,3900957319.981548
1491,,592,0,0,0,0.000000,3900957320.597147
1492,conceptual-checkpoint,593,166666666,0,0,2152413219.193104,3895694239.701159
1493,,594,0,0,0,0.000000,3890431158.233831
1494,,595,0,0,0,0.000000,3903587408.468950
1495,,596,0,0,0,0.000000,3776232055.217589
1496,,597,0,0,0,0.000000,3903587667.336520
1497,conceptual-checkpoint,598,166666666,0,0,2056200280.761775,3874175748.841963
1498,,599,0,0,0,0.000000,3903588861.102057
1546,,600,0,0,0,0.000000,3903588861.102057
1547,,601,0,0,0,0.000000,3903588861.776066
1548,,602,0,0,0,0.000000,3898325780.268604
1549,conceptual-checkpoint,603,166666666,0,0,1471946970.058039,3893062698.737928
1550,conceptual-checkpoint,604,166666666,0,0,1469315429.049770,3903588862.521214
1551,,605,0,0,0,0.000000,3868482275.727207
1552,,606,0,0,0,0.000000,3900957321.400706
1553,,607,0,0,0,0.000000,3903588516.652055
1554,conceptual-checkpoint,608,166666666,0,0,1480084674.126233,3900957319.981548
1555,conceptual-checkpoint,609,166666666,0,0,1477453133.451935,3900957320.597147
1556,,610,0,0,0,0.000000,3895694239.701159
1557,,611,0,0,0,0.000000,3890431158.233831
1558,,612,0,0,0,0.000000,3903587408.468950
1559,,613,0,0,0,0.000000,3776232055.217589
1560,,614,0,0,0,0.000000,3903587667.336520
1561,,615,0,0,0,0.000000,3874175748.841963
1562,,616,0,0,0,0.000000,3903588861.102057
1563,conceptual-checkpoint,617,166666666,0,0,2157150138.449180,3903588861.776066
1564,conceptual-checkpoint,618,166666666,0,0,2162413220.313345,3898325780.268604
1565,,619,0,0,0,0.000000,3893062698.737928
1566,conceptual-checkpoint,620,166666666,0,0,2143637811.122287,3903588862.521214
1567,,621,0,0,0,0.000000,3868482275.727207
1568,,622,0,0,0,0.000000,3900957321.400706
1569,,623,0,0,0,0.000000,3903588516.652055
1570,,624,0,0,0,0.000000,3900957319.981548
1571,,625,0,0,0,0.000000,3900957320.597147
1572,conceptual-checkpoint,626,166666666,0,0,2154518597.436035,3895694239.701159
1573,conceptual-checkpoint,627,166666666,0,0,2159781678.755080,3890431158.233831
1574,conceptual-checkpoint,628,166666666,0,0,2086322639.086005,3903587408.468950
1575,,629,0,0,0,0.000000,3776232055.217589
1623,,630,0,0,0,0.000000,3776232055.217589
1624,,631,0,0,0,0.000000,3903587667.336520
1625,,632,0,0,0,0.000000,3874175748.841963
1626,,633,0,0,0,0.000000,3903588861.102057
1627,,634,0,0,0,0.000000,3903588861.776066
1628,,635,0,0,0,0.000000,3898325780.268604
1629,conceptual-checkpoint,636,166666666,0,0,1471946967.880913,3893062698.737928
1630,,637,0,0,0,0.000000,3903588862.521214
1631,conceptual-checkpoint,638,166666666,0,0,1477453131.609909,3868482275.727207
1632,,639,0,0,0,0.000000,3900957321.400706
1633,conceptual-checkpoint,640,166666666,0,0,1480084672.318103,3903588516.652055
1634,,641,0,0,0,0.000000,3900957319.981548
1635,,642,0,0,0,0.000000,3900957320.597147
1636,,643,0,0,0,0.000000,3895694239.701159
1637,conceptual-checkpoint,644,166666666,0,0,1469315427.787983,3890431158.233831
1638,,645,0,0,0,0.000000,3903587408.468950
1639,,646,0,0,0,0.000000,3776232055.217589
1640,,647,0,0,0,0.000000,3903587667.336520
1641,,648,0,0,0,0.000000,3874175748.841963
1642,conceptual-checkpoint,649,166666666,0,0,3127575912.515602,3903588861.102057
1643,conceptual-checkpoint,650,166666666,0,0,3151969025.543121,3903588861.776066
1644,conceptual-checkpoint,651,166666666,0,0,3157232106.335780,3898325780.268604
1645,,652,0,0,0,0.000000,3893062698.737928
1646,conceptual-checkpoint,653,166666666,0,0,3146705943.690992,3903588862.521214
1647,conceptual-checkpoint,654,166666666,0,0,3154600566.310008,3868482275.727207
1648,conceptual-checkpoint,655,166666666,0,0,3149337484.948390,3900957321.400706
1649,,656,0,0,0,0.000000,3903588516.652055
1650,conceptual-checkpoint,657,166666666,0,0,3159863647.788706,3900957319.981548
1651,,658,0,0,0,0.000000,3900957320.597147
1652,conceptual-checkpoint,659,166666666,0,0,3046262250.687769,3895694239.701159
1700,,660,0,0,0,0.000000,3895694239.701159
1701,,661,0,0,0,0.000000,3890431158.233831
1702,,662,0,0,0,0.000000,3903587408.468950
1703,conceptual-checkpoint,663,166666666,0,0,480134246.104315,3776232055.217589
1704,,664,0,0,0,0.000000,3903587667.336520
1705,,665,0,0,0,0.000000,3874175748.841963
1706,,666,0,0,0,0.000000,3903588861.102057
1707,,667,0,0,0,0.000000,3903588861.776066
1708,conceptual-checkpoint,668,166666666,0,0,477502705.385350,3898325780.268604
1709,,669,0,0,0,0.000000,3893062698.737928
1710,,670,0,0,0,0.000000,3903588862.521214
1711,,671,0,0,0,0.000000,3868482275.727207
1712,,672,0,0,0,0.000000,3900957321.400706
1713,,673,0,0,0,0.000000,3903588516.652055
1714,,674,0,0,0,0.000000,3900957319.981548
1715,,675,0,0,0,0.000000,3900957320.597147
1716,conceptual-checkpoint,676,166666666,0,0,3269897560.401394,3895694239.701159
1717,conceptual-checkpoint,677,166666666,0,0,3272529101.283812,3890431158.233831
1718,conceptual-checkpoint,678,166666666,0,0,3267266019.342426,3903587408.468950
1719,conceptual-checkpoint,679,166666666,0,0,3275160641.393153,3776232055.217589
1720,conceptual-checkpoint,680,166666666,0,0,3251122152.356853,3903587667.336520
1721,,681,0,0,0,0.000000,3874175748.841963
1722,,682,0,0,0,0.000000,3903588861.102057
1723,conceptual-checkpoint,683,166666666,0,0,3256385234.099375,3903588861.776066
1724,,684,0,0,0,0.000000,3898325780.268604
1725,conceptual-checkpoint,685,166666666,0,0,3253753693.287809,3893062698.737928
1726,conceptual-checkpoint,686,166666666,0,0,3248490612.009654,3903588862.521214
1727,,687,0,0,0,0.000000,3868482275.727207
1728,,688,0,0,0,0.000000,3900957321.400706
1729,,689,0,0,0,0.000000,3903588516.652055
1777,,690,0,0,0,0.000000,3903588516.652055
1778,,691,0,0,0,0.000000,3900957319.981548
1779,,692,0,0,0,0.000000,3900957320.597147
1780,,693,0,0,0,0.000000,3895694239.701159
1781,,694,0,0,0,0.000000,3890431158.233831
1782,,695,0,0,0,0.000000,3903587408.468950
1783,conceptual-checkpoint,696,166666666,0,0,1463940814.622001,3776232055.217589
1784,,697,0,0,0,0.000000,3903587667.336520
1785,,698,0,0,0,0.000000,3874175748.841963
1786,conceptual-checkpoint,699,166666666,0,0,1474634289.517300,3903588861.102057
1787,,700,0,0,0,0.000000,3903588861.776066
1788,conceptual-checkpoint,701,166666666,0,0,1477265829.954932,3898325780.268604
1789,conceptual-checkpoint,702,166666666,0,0,1480084682.058882,3893062698.737928
1790,,703,0,0,0,0.000000,3903588862.521214
1791,,704,0,0,0,0.000000,3868482275.727207
1792,conceptual-checkpoint,705,166666666,0,0,1708424924.058202,3900957321.400706
1793,conceptual-checkpoint,706,166666666,0,0,1713688005.431703,3903588516.652055
1794,conceptual-checkpoint,707,166666666,0,0,1711056464.533018,3900957319.981548
1795,,708,0,0,0,0.000000,3900957320.597147
1796,,709,0,0,0,0.000000,3895694239.701159
1797,,710,0,0,0,0.000000,3890431158.233831
1798,,711,0,0,0,0.000000,3903587408.468950
1799,,712,0,0,0,0.000000,3776232055.217589
1800,,713,0,0,0,0.000000,3903587667.336520
1801,,714,0,0,0,0.000000,3874175748.841963
1802,,715,0,0,0,0.000000,3903588861.102057
1803,,716,0,0,0,0.000000,3903588861.776066
1804,conceptual-checkpoint,717,166666666,0,0,1700231449.233918,3898325780.268604
1805,conceptual-checkpoint,718,166666666,0,0,1656352833.299924,3893062698.737928
1806,,719,0,0,0,0.000000,3903588862.521214
1854,,720,0,0,0,0.000000,3903588862.521214
1855,,721,0,0,0,0.000000,3868482275.727207
1856,,722,0,0,0,0.000000,3900957321.400706
1857,,723,0,0,0,0.000000,3903588516.652055
1858,,724,0,0,0,0.000000,3900957319.981548
1859,,725,0,0,0,0.000000,3900957320.597147
1860,,726,0,0,0,0.000000,3895694239.701159
1861,,727,0,0,0,0.000000,3890431158.233831
1862,conceptual-checkpoint,728,166666666,0,0,923771491.152474,3903587408.468950
1863,,729,0,0,0,0.000000,3776232055.217589
1864,conceptual-checkpoint,730,166666666,0,0,926403031.277256,3903587667.336520
1865,,731,0,0,0,0.000000,3874175748.841963
1866,,732,0,0,0,0.000000,3903588861.102057
1867,,733,0,0,0,0.000000,3903588861.776066
1868,conceptual-checkpoint,734,166666666,0,0,929034571.695800,3898325780.268604
1869,conceptual-checkpoint,735,166666666,0,0,1477453371.642876,3893062698.737928
1870,,736,0,0,0,0.000000,3903588862.521214
1871,,737,0,0,0,0.000000,3868482275.727207
1872,,738,0,0,0,0.000000,3900957321.400706
1873,conceptual-checkpoint,739,166666666,0,0,1466628356.649674,3903588516.652055
1874,,740,0,0,0,0.000000,3900957319.981548
1875,conceptual-checkpoint,741,166666666,0,0,1480084912.437991,3900957320.597147
1876,conceptual-checkpoint,742,166666666,0,0,1474821831.252697,3895694239.701159
1877,,743,0,0,0,0.000000,3890431158.233831
1878,,744,0,0,0,0.000000,3903587408.468950
1879,,745,0,0,0,0.000000,3776232055.217589
1880,,746,0,0,0,0.000000,3903587667.336520
1881,,747,0,0,0,0.000000,3874175748.841963
1882,,748,0,0,0,0.000000,3903588861.102057
1883,,749,0,0,0,0.000000,3903588861.776066
1931,conceptual-checkpoint,750,166666666,0,0,1923678346.618587,3903588861.776066
1932,,751,0,0,0,0.000000,3898325780.268604
1933,conceptual-checkpoint,752,166666666,0,0,1918415266.019923,3893062698.737928
1934,conceptual-checkpoint,753,166666666,0,0,1921046806.107398,3903588862.521214
1935,,754,0,0,0,0.000000,3868482275.727207
1936,conceptual-checkpoint,755,166666666,0,0,1904659857.235767,3900957321.400706
1937,,756,0,0,0,0.000000,3903588516.652055
1938,,757,0,0,0,0.000000,3900957319.981548
1939,,758,0,0,0,0.000000,3900957320.597147
1940,,759,0,0,0,0.000000,3895694239.701159
1941,,760,0,0,0,0.000000,3890431158.233831
1942,,761,0,0,0,0.000000,3903587408.468950
1943,conceptual-checkpoint,762,166666666,0,0,1926309887.766631,3776232055.217589
1944,,763,0,0,0,0.000000,3903587667.336520
1945,,764,0,0,0,0.000000,3874175748.841963
1946,conceptual-checkpoint,765,166666666,0,0,3774175748.117079,3903588861.102057
1947,conceptual-checkpoint,766,166666666,0,0,3803588860.176144,3903588861.776066
1948,conceptual-checkpoint,767,166666666,0,0,3798325778.832726,3898325780.268604
1949,conceptual-checkpoint,768,166666666,0,0,3793062697.215974,3893062698.737928
1950,,769,0,0,0,0.000000,3903588862.521214
1951,,770,0,0,0,0.000000,3868482275.727207
1952,,771,0,0,0,0.000000,3900957321.400706
1953,conceptual-checkpoint,772,166666666,0,0,3768482273.639458,3903588516.652055
1954,,773,0,0,0,0.000000,3900957319.981548
1955,conceptual-checkpoint,774,166666666,0,0,3800957319.013727,3900957320.597147
1956,conceptual-checkpoint,775,166666666,0,0,3795694238.687960,3895694239.701159
1957,conceptual-checkpoint,776,166666666,0,0,3790431156.782631,3890431158.233831
1958,,777,0,0,0,0.000000,3903587408.468950
1959,,778,0,0,0,0.000000,3776232055.217589
1960,conceptual-checkpoint,779,166666666,0,0,3676232054.355112,3903587667.336520
2008,conceptual-checkpoint,780,166666666,0,0,2372447132.861635,3903587667.336520
2009,conceptual-checkpoint,781,166666666,0,0,2375078673.261063,3874175748.841963
2010,conceptual-checkpoint,782,166666666,0,0,2369815591.417303,3903588861.102057
2011,conceptual-checkpoint,783,166666666,0,0,2377710213.678463,3903588861.776066
2012,,784,0,0,0,0.000000,3898325780.268604
2013,,785,0,0,0,0.000000,3893062698.737928
2014,conceptual-checkpoint,786,166666666,0,0,2356303265.475177,3903588862.521214
2015,conceptual-checkpoint,787,166666666,0,0,2358934805.703618,3868482275.727207
2016,,788,0,0,0,0.000000,3900957321.400706
2017,,789,0,0,0,0.000000,3903588516.652055
2018,,790,0,0,0,0.000000,3900957319.981548
2019,,791,0,0,0,0.000000,3900957320.597147
2020,,792,0,0,0,0.000000,3895694239.701159
2021,,793,0,0,0,0.000000,3890431158.233831
2022,,794,0,0,0,0.000000,3903587408.468950
2023,conceptual-checkpoint,795,166666666,0,0,1702918760.991602,3776232055.217589
2024,,796,0,0,0,0.000000,3903587667.336520
2025,conceptual-checkpoint,797,166666666,0,0,1711056464.666453,3874175748.841963
2026,conceptual-checkpoint,798,166666666,0,0,1713688005.425623,3903588861.102057
2027,,799,0,0,0,0.000000,3903588861.776066
2028,,800,0,0,0,0.000000,3898325780.268604
2029,,801,0,0,0,0.000000,3893062698.737928
2030,,802,0,0,0,0.000000,3903588862.521214
2031,,803,0,0,0,0.000000,3868482275.727207
2032,,804,0,0,0,0.000000,3900957321.400706
2033,,805,0,0,0,0.000000,3903588516.652055
2034,conceptual-checkpoint,806,166666666,0,0,1705550301.907085,3900957319.981548
2035,,807,0,0,0,0.000000,3900957320.597147
2036,,808,0,0,0,0.000000,3895694239.701159
2037,conceptual-checkpoint,809,166666666,0,0,1659040144.698464,3890431158.233831
2085,,810,0,0,0,0.000000,3890431158.233831
2086,,811,0,0,0,0.000000,3903587408.468950
2087,,812,0,0,0,0.000000,3776232055.217589
2088,,813,0,0,0,0.000000,3903587667.336520
2089,conceptual-checkpoint,814,166666666,0,0,821040607.578865,3874175748.841963
2090,,815,0,0,0,0.000000,3903588861.102057
2091,,816,0,0,0,0.000000,3903588861.776066
2092,,817,0,0,0,0.000000,3898325780.268604
2093,,818,0,0,0,0.000000,3893062698.737928
2094,conceptual-checkpoint,819,166666666,0,0,818409066.288143,3903588862.521214
2095,,820,0,0,0,0.000000,3868482275.727207
2096,,821,0,0,0,0.000000,3900957321.400706
2097,conceptual-checkpoint,822,166666666,0,0,823859459.075812,3903588516.652055
2098,,823,0,0,0,0.000000,3900957319.981548
2099,,824,0,0,0,0.000000,3900957320.597147
2100,conceptual-checkpoint,825,166666666,0,0,2154108732.794049,3895694239.701159
2101,conceptual-checkpoint,826,166666666,0,0,2162302207.753177,3890431158.233831
2102,conceptual-checkpoint,827,166666666,0,0,2164933748.637089,3903587408.468950
2103,conceptual-checkpoint,828,166666666,0,0,2167565289.328910,3776232055.217589
2104,,829,0,0,0,0.000000,3903587667.336520
2105,,830,0,0,0,0.000000,3874175748.841963
2106,,831,0,0,0,0.000000,3903588861.102057
2107,,832,0,0,0,0.000000,3903588861.776066
2108,conceptual-checkpoint,833,166666666,0,0,2148471029.415811,3898325780.268604
2109,,834,0,0,0,0.000000,3893062698.737928
2110,,835,0,0,0,0.000000,3903588862.521214
2111,,836,0,0,0,0.000000,3868482275.727207
2112,conceptual-checkpoint,837,166666666,0,0,2151102569.889956,3900957321.400706
2113,,838,0,0,0,0.000000,3903588516.652055
2114,,839,0,0,0,0.000000,3900957319.981548
2162,,840,0,0,0,0.000000,3900957319.981548
2163,,841,0,0,0,0.000000,3900957320.597147
2164,,842,0,0,0,0.000000,3895694239.701159
2165,conceptual-checkpoint,843,166666666,0,0,2688972818.583535,3890431158.233831
2166,conceptual-checkpoint,844,166666666,0,0,2710734390.265267,3903587408.468950
2167,,845,0,0,0,0.000000,3776232055.217589
2168,conceptual-checkpoint,846,166666666,0,0,2721260552.651743,3903587667.336520
2169,conceptual-checkpoint,847,166666666,0,0,2715997471.617329,3874175748.841963
2170,conceptual-checkpoint,848,166666666,0,0,2708102849.681645,3903588861.102057
2171,,849,0,0,0,0.000000,3903588861.776066
2172,conceptual-checkpoint,850,166666666,0,0,2713365930.613716,3898325780.268604
2173,conceptual-checkpoint,851,166666666,0,0,2718629012.606425,3893062698.737928
2174,,852,0,0,0,0.000000,3903588862.521214
2175,,853,0,0,0,0.000000,3868482275.727207
2176,,854,0,0,0,0.000000,3900957321.400706
2177,,855,0,0,0,0.000000,3903588516.652055
2178,,856,0,0,0,0.000000,3900957319.981548
2179,,857,0,0,0,0.000000,3900957320.597147
2180,conceptual-checkpoint,858,166666666,0,0,1805924923.839362,3895694239.701159
2181,conceptual-checkpoint,859,166666666,0,0,1811188005.469838,3890431158.233831
2182,,860,0,0,0,0.000000,3903587408.468950
2183,,861,0,0,0,0.000000,3776232055.217589
2184,conceptual-checkpoint,862,166666666,0,0,1808556464.492813,3903587667.336520
2185,conceptual-checkpoint,863,166666666,0,0,1803293382.841471,3874175748.841963
2186,,864,0,0,0,0.000000,3903588861.102057
2187,,865,0,0,0,0.000000,3903588861.776066
2188,,866,0,0,0,0.000000,3898325780.268604
2189,,867,0,0,0,0.000000,3893062698.737928
2190,,868,0,0,0,0.000000,3903588862.521214
2191,conceptual-checkpoint,869,166666666,0,0,1734667032.195140,3868482275.727207
2239,,870,0,0,0,0.000000,3868482275.727207
2240,,871,0,0,0,0.000000,3900957321.400706
2241,,872,0,0,0,0.000000,3903588516.652055
2242,,873,0,0,0,0.000000,3900957319.981548
2243,,874,0,0,0,0.000000,3900957320.597147
2244,conceptual-checkpoint,875,166666666,0,0,2156578783.270747,3895694239.701159
2245,conceptual-checkpoint,876,166666666,0,0,2153947242.342454,3890431158.233831
2246,,877,0,0,0,0.000000,3903587408.468950
2247,,878,0,0,0,0.000000,3776232055.217589
2248,conceptual-checkpoint,879,166666666,0,0,2140379145.459201,3903587667.336520
2249,,880,0,0,0,0.000000,3874175748.841963
2250,,881,0,0,0,0.000000,3903588861.102057
2251,conceptual-checkpoint,882,166666666,0,0,2164772258.075109,3903588861.776066
2252,conceptual-checkpoint,883,166666666,0,0,2170035339.392895,3898325780.268604
2253,conceptual-checkpoint,884,166666666,0,0,2167403797.988223,3893062698.737928
2254,conceptual-checkpoint,885,166666666,0,0,3170002201.231667,3903588862.521214
2255,conceptual-checkpoint,886,166666666,0,0,3164739119.326022,3868482275.727207
2256,,887,0,0,0,0.000000,3900957321.400706
2257,conceptual-checkpoint,888,166666666,0,0,3159476037.399467,3903588516.652055
2258,conceptual-checkpoint,889,166666666,0,0,3154212956.043555,3900957319.981548
2259,,890,0,0,0,0.000000,3900957320.597147
2260,,891,0,0,0,0.000000,3895694239.701159
2261,,892,0,0,0,0.000000,3890431158.233831
2262,conceptual-checkpoint,893,166666666,0,0,3129708303.633755,3903587408.468950
2263,,894,0,0,0,0.000000,3776232055.217589
2264,conceptual-checkpoint,895,166666666,0,0,3162107578.282274,3903587667.336520
2265,conceptual-checkpoint,896,166666666,0,0,3167370659.778269,3874175748.841963
2266,conceptual-checkpoint,897,166666666,0,0,3156844496.507320,3903588861.102057
2267,,898,0,0,0,0.000000,3903588861.776066
2268,,899,0,0,0,0.000000,3898325780.268604
2316,,900,0,0,0,0.000000,3898325780.268604
2317,,901,0,0,0,0.000000,3893062698.737928
2318,,902,0,0,0,0.000000,3903588862.521214
2319,,903,0,0,0,0.000000,3868482275.727207
2320,,904,0,0,0,0.000000,3900957321.400706
2321,,905,0,0,0,0.000000,3903588516.652055
2322,,906,0,0,0,0.000000,3900957319.981548
2323,,907,0,0,0,0.000000,3900957320.597147
2324,,908,0,0,0,0.000000,3895694239.701159
2325,,909,0,0,0,0.000000,3890431158.233831
2326,,910,0,0,0,0.000000,3903587408.468950
2327,,911,0,0,0,0.000000,3776232055.217589
2328,,912,0,0,0,0.000000,3903587667.336520
2329,,913,0,0,0,0.000000,3874175748.841963
2330,,914,0,0,0,0.000000,3903588861.102057
2331,,915,0,0,0,0.000000,3903588861.776066
2332,,916,0,0,0,0.000000,3898325780.268604
2333,,917,0,0,0,0.000000,3893062698.737928
2334,,918,0,0,0,0.000000,3903588862.521214
2335,,919,0,0,0,0.000000,3868482275.727207
2336,,920,0,0,0,0.000000,3900957321.400706
2337,,921,0,0,0,0.000000,3903588516.652055
2338,,922,0,0,0,0.000000,3900957319.981548
2339,,923,0,0,0,0.000000,3900957320.597147
2340,,924,0,0,0,0.000000,3895694239.701159
2341,,925,0,0,0,0.000000,3890431158.233831
2342,,926,0,0,0,0.000000,3903587408.468950
2343,,927,0,0,0,0.000000,3776232055.217589
2344,,928,0,0,0,0.000000,3903587667.336520
2345,,929,0,0,0,0.000000,3874175748.841963
2393,,930,0,0,0,0.000000,3874175748.841963
2394,,931,0,0,0,0.000000,3903588861.102057
2395,,932,0,0,0,0.000000,3903588861.776066
2396,,933,0,0,0,0.000000,3898325780.268604
2397,,934,0,0,0,0.000000,3893062698.737928
2398,,935,0,0,0,0.000000,3903588862.521214
2399,,936,0,0,0,0.000000,3868482275.727207
2400,,937,0,0,0,0.000000,3900957321.400706
2401,,938,0,0,0,0.000000,3903588516.652055
2402,,939,0,0,0,0.000000,3900957319.981548
2403,,940,0,0,0,0.000000,3900957320.597147
2404,,941,0,0,0,0.000000,3895694239.701159
2405,,942,0,0,0,0.000000,3890431158.233831
2406,,943,0,0,0,0.000000,3903587408.468950
2407,,944,0,0,0,0.000000,3776232055.217589
2408,,945,0,0,0,0.000000,3903587667.336520
2409,,946,0,0,0,0.000000,3874175748.841963
2410,,947,0,0,0,0.000000,3903588861.102057
2411,,948,0,0,0,0.000000,3903588861.776066
2412,,949,0,0,0,0.000000,3898325780.268604
2413,,950,0,0,0,0.000000,3893062698.737928
2414,,951,0,0,0,0.000000,3903588862.521214
2415,,952,0,0,0,0.000000,3868482275.727207
2416,,953,0,0,0,0.000000,3900957321.400706
2417,,954,0,0,0,0.000000,3903588516.652055
2418,,955,0,0,0,0.000000,3900957319.981548
2419,,956,0,0,0,0.000000,3900957320.597147
2420,,957,0,0,0,0.000000,3895694239.701159
2421,,958,0,0,0,0.000000,3890431158.233831
2422,,959,0,0,0,0.000000,3903587408.468950
2470,,960,0,0,0,0.000000,3903587408.468950
2471,,961,0,0,0,0.000000,3776232055.217589
2472,,962,0,0,0,0.000000,3903587667.336520
2473,,963,0,0,0,0.000000,3874175748.841963
2474,,964,0,0,0,0.000000,3903588861.102057
2475,,965,0,0,0,0.000000,3903588861.776066
2476,,966,0,0,0,0.000000,3898325780.268604
2477,,967,0,0,0,0.000000,3893062698.737928
2478,,968,0,0,0,0.000000,3903588862.521214
2479,,969,0,0,0,0.000000,3868482275.727207
2480,,970,0,0,0,0.000000,3900957321.400706
2481,,971,0,0,0,0.000000,3903588516.652055
2482,,972,0,0,0,0.000000,3900957319.981548
2483,,973,0,0,0,0.000000,3900957320.597147
2484,,974,0,0,0,0.000000,3895694239.701159
2485,,975,0,0,0,0.000000,3890431158.233831
2486,,976,0,0,0,0.000000,3903587408.468950
2487,,977,0,0,0,0.000000,3776232055.217589
2488,,978,0,0,0,0.000000,3903587667.336520
2489,,979,0,0,0,0.000000,3874175748.841963
2490,,980,0,0,0,0.000000,3903588861.102057
2491,,981,0,0,0,0.000000,3903588861.776066
2492,,982,0,0,0,0.000000,3898325780.268604
2493,,983,0,0,0,0.000000,3893062698.737928
2494,,984,0,0,0,0.000000,3903588862.521214
2495,,985,0,0,0,0.000000,3868482275.727207
2496,,986,0,0,0,0.000000,3900957321.400706
2497,,987,0,0,0,0.000000,3903588516.652055
2498,,988,0,0,0,0.000000,3900957319.981548
2499,,989,0,0,0,0.000000,3900957320.597147