#,Format,<LP,id>,<Terminal,ID>,<Total,Data,Sent>,<Total,Data,Received>,<Avg,packet,latency>,<Max,packet,Latency>,<Min,packet,Latency>,<#,Packets,finished>,<Avg,Hops>,<Avg,Busy,Time,(over,rails)>
37,0,335958680,294021400,20717.128737,2733489.719693,1441.053854,71880,5.335045,347723863.337167
38,1,335958680,294021400,26666.939129,2324096.062825,1441.053854,71880,5.435406,399166314.512455
39,2,166666794,21504,1462.259593,2248.675084,1441.053854,168,2.000000,19476644.412378
40,3,166666794,21504,1444.481455,1985.746578,1441.053854,168,2.000000,19218478.475007
41,4,166666794,21504,1471.145902,2490.713435,1441.053854,168,2.000000,19056220.550638
42,5,483542680,441605400,22097.541193,2633272.199669,1441.053854,107915,5.331233,265038847.522367
43,6,641195712,641195712,15283.154076,2283528.951696,1488.474874,182943,5.008697,371001044.139267
44,7,166666794,21504,1449.865223,2040.753987,1441.053854,168,2.000000,19047544.210288
45,8,166666794,21504,1465.865803,2080.231999,1441.053854,168,2.000000,19177863.730566
46,9,335958680,294021400,24229.306455,2676397.014980,1441.053854,71880,5.265999,156165189.779022
47,10,532939872,532939872,17252.362944,4909434.980907,2315.083877,152037,4.962253,362795289.417321
48,11,166666794,21504,1448.964277,2014.026149,1441.053854,168,2.000000,19102732.307409
49,12,335958680,294021400,21918.815700,2374077.487791,1441.053854,71880,5.218155,102879557.250941
50,13,641195712,641195712,18048.623728,4942398.611046,1403.446161,182943,5.130002,368889098.011992
51,14,641210160,641210160,16394.463362,2521191.371010,2315.083877,184749,5.048693,322886293.503331
52,15,166666794,21504,1590.778517,17849.045627,1441.053854,168,2.000000,18649182.098564
53,16,335958680,294021400,13147.092485,1187313.343264,1441.053854,71880,3.505940,60914895.595200
54,17,335958680,294021400,30485.192159,2755523.922269,1441.053854,71880,5.278047,111079170.901602
55,18,425290704,425290704,16399.622471,3694997.954925,2315.083877,110307,5.130028,270016324.257741
56,19,166666794,21504,1575.929578,8848.768371,1441.053854,168,2.000000,18904957.207537
57,20,335958680,294021400,22305.369975,2637162.470912,1441.053854,71880,5.110253,63572563.904653
58,21,166666794,21504,1543.319582,11655.406337,1441.053854,168,2.000000,20200750.397419
59,22,166666794,21504,1485.011303,6478.672846,1441.053854,168,2.000000,20072742.141416
60,23,166666794,21504,1564.445246,15022.654920,1441.053854,168,2.000000,20101612.654037
61,24,532939872,532939872,16566.612930,5002560.696290,2315.083877,152037,4.979650,393830451.616916
62,25,189527680,147590400,24627.851523,584377.257169,1441.053854,36085,5.223334,179162918.244335
63,26,189527680,147590400,25393.822505,731632.675532,1441.053854,36085,5.224969,83613439.334828
64,27,189527680,147590400,28064.664946,229173.294177,1441.053854,36085,5.581516,143084508.390609
65,28,335958680,294021400,13506.674038,1788093.946222,591.738319,71880,3.677963,1458443933.763085
66,29,335958680,294021400,29842.084572,2634082.563838,591.738319,71880,5.177769,1083742975.911060
67,30,158720,1168883410,9418.949302,541391.538375,591.738319,286410,1.928215,510.337360
68,31,161024,1209719164,9360.420396,350472.019647,1441.053854,296404,2.000000,1127.656341
114,32,166666794,21504,2186.304354,29284.819143,1441.053854,168,2.000000,19332396.261563
115,33,166666794,21504,2109.309881,29662.618142,1441.053854,168,2.000000,19678252.545176
116,34,335958680,294021400,17239.549886,2610559.087743,1441.053854,71880,5.210698,304799980.457059
117,35,335958680,294021400,15468.288888,2526800.853943,1441.053854,71880,5.076252,242601762.277520
118,36,641195712,641195712,17489.378513,3676099.341287,1403.446161,182943,4.609917,310579227.122623
119,37,335958680,294021400,21659.830600,2541159.466414,1441.053854,71880,5.357206,255220311.765300
120,38,166666794,21504,1538.872130,7738.212873,1441.053854,168,2.000000,19359993.509776
121,39,166666794,21504,1534.740328,7842.166694,1441.053854,168,2.000000,19447459.401935
122,40,425391840,425391840,23038.901395,1839407.003568,1403.446161,122949,5.091875,239757880.553076
123,41,166666794,21504,1485.345655,7310.980202,1441.053854,168,2.000000,19321066.284686
124,42,166666794,21504,1842.961887,63732.043053,1441.053854,168,2.000000,19293575.204323
125,43,532939872,532939872,22428.336973,2530716.235936,1650.246643,152037,5.177240,302108698.710855
126,44,166666794,21504,1594.169234,22660.530236,1441.053854,168,2.000000,20353114.359833
127,45,335958680,294021400,15949.822330,2316610.910031,1441.053854,71880,5.258570,59049522.952959
128,46,166666794,21504,1674.595076,22641.050556,1441.053854,168,2.000000,20825998.753542
129,47,166666794,21504,1503.184668,4832.960846,1441.053854,168,2.000000,21199192.749459
130,48,425391840,425391840,19384.789137,1384973.436642,1403.446161,122949,5.082481,299151395.731427
131,49,166666794,21504,1826.127428,27871.585506,1441.053854,168,2.000000,19805230.770763
132,50,166666794,21504,1454.931593,2474.061001,1441.053854,168,2.000000,19810980.838060
133,51,166666794,21504,1625.389435,10805.580499,1441.053854,168,2.000000,19818673.573615
134,52,166666794,21504,1473.084891,6363.932533,1441.053854,168,2.000000,18512045.442276
135,53,532939872,532939872,17433.249573,4975444.091724,2315.083877,152037,4.931582,246924059.558777
136,54,532939872,532939872,18887.931477,4936101.644483,1405.796642,152037,4.945987,313011755.408615
137,55,189527680,147590400,13248.468056,678805.277564,1441.053854,36085,5.452875,192443483.943649
138,56,532838736,532838736,22410.948915,2540686.754866,1488.474874,139395,5.107809,224919429.505157
139,57,641195712,641195712,17010.630451,4907155.510373,1405.796642,182943,4.599536,348706685.234228
140,58,166666794,21504,1466.589739,2338.900139,1441.053854,168,2.000000,18417290.209557
141,59,189527680,147590400,13948.003537,2897737.760504,1441.053854,36085,5.460080,374814381.616908
142,60,641195712,641195712,17736.275379,2810172.377725,1650.246643,182943,4.871168,334307403.476006
143,61,532954320,532954320,19418.447331,4896690.651047,2315.083877,153843,5.003296,281610514.978792
144,62,141824,1083888124,9343.103223,105794.277183,1441.053854,265564,2.000000,402.882718
145,63,197632,1501109072,9534.604726,155932.357280,1441.053854,367792,2.000000,27787.751685
191,64,189527680,147590400,13627.798025,3550511.952248,1441.053854,36085,5.393460,141346801.193670
192,65,166666794,21504,1475.223384,3520.874381,1441.053854,168,2.000000,18573791.554534
193,66,641195712,641195712,20375.800803,4990074.970616,1405.796642,182943,4.993074,281906786.470241
194,67,532939872,532939872,19743.938159,3702585.248205,1490.991427,152037,5.085999,291321108.207549
195,68,166666794,21504,1505.141149,11312.631245,1441.053854,168,2.000000,19267545.502346
196,69,483542680,441605400,16487.962128,2555603.883748,1441.053854,107915,5.336200,167371924.344064
197,70,335958680,294021400,15601.207950,647236.951353,1441.053854,71880,5.443155,331867929.557125
198,71,166666794,21504,1691.492515,32615.889972,1441.053854,168,2.000000,19441127.471769
199,72,335958680,294021400,20961.977389,2641990.779452,1441.053854,71880,5.398734,125188019.257128
200,73,425290704,425290704,20681.218459,4922297.123119,2315.083877,110307,5.098380,302199214.163531
201,74,166666794,21504,1656.758482,10552.812544,1441.053854,168,2.000000,19273855.244035
202,75,166666794,21504,1679.813316,10792.520318,1441.053854,168,2.000000,19393791.671439
203,76,166666794,21504,1460.602033,2362.692351,1441.053854,168,2.000000,18613059.660709
204,77,532939872,532939872,17775.582869,5014792.632079,1405.796642,152037,4.927768,202795246.963275
205,78,335958680,294021400,18557.922911,2644656.586551,1441.053854,71880,5.396216,152770724.780896
206,79,532939872,532939872,19540.437909,1438507.965369,1490.991427,152037,5.017621,267773638.773733
207,80,335958680,294021400,17260.908007,2301151.222261,908.387995,71880,5.002421,332814186.926119
208,81,335958680,294021400,19272.094867,2594773.055095,908.387995,71880,5.082749,251477645.345824
209,82,532939872,532939872,19737.526600,4961458.272427,1405.796642,152037,4.622677,358879308.591357
210,83,335958680,294021400,13715.142102,1203453.171437,1441.053854,71880,5.336032,144962353.296582
211,84,166666794,21504,1460.513891,2123.197690,1441.053854,168,2.000000,20444333.549057
212,85,166666794,21504,4678.402632,481597.249944,1441.053854,168,2.000000,20452896.464283
213,86,166666794,21504,6906.069971,569210.266266,1441.053854,168,2.000000,20877920.778231
214,87,166666794,21504,9876.376820,755693.489410,1441.053854,168,2.000000,20878734.053680
215,88,166666794,21504,3405.472932,327323.821569,1441.053854,168,2.000000,18355346.476127
216,89,641195712,641195712,16642.104787,4952955.425740,577.768481,182943,4.925392,292848330.195245
217,90,641210160,641210160,16660.182224,1822755.564766,577.768481,184749,4.921391,301990404.543233
218,91,483542680,441605400,14338.646451,2303369.347040,1441.053854,107915,5.323199,248525226.571816
219,92,335958680,294021400,20304.468552,3241657.246390,591.738319,71880,5.236116,687626104.803032
220,93,532939872,532939872,19087.261400,2889108.477562,2315.083877,152037,4.945671,260675114.745884
221,94,139520,1043052370,9388.959970,303527.992647,591.738319,255570,1.959776,335.427252
222,95,161024,1209719164,9328.107794,119985.350744,1441.053854,296404,2.000000,1090.311308
268,96,166666794,21504,1446.276258,1943.845387,1441.053854,168,2.000000,18359629.293237
269,97,641195712,641195712,23325.345113,5033671.494693,1403.446161,182943,4.934849,239068232.936511
270,98,335958680,294021400,17126.978704,2564475.601035,1441.053854,71880,5.231664,394834482.902783
271,99,335958680,294021400,14064.804012,2561353.451676,1441.053854,71880,5.142390,212826193.895187
272,100,641195712,641195712,28283.760691,4858268.195754,577.768481,182943,5.119010,347386730.622692
273,101,335958680,294021400,15356.926682,2543408.734308,1441.053854,71880,5.156692,180278462.167540
274,102,532939872,532939872,27636.174166,2776582.549434,1650.246643,152037,5.157041,263628825.268373
275,103,641195712,641195712,21726.340846,4932611.474389,577.768481,182943,4.888364,241456685.935542
276,104,166666794,21504,1473.735565,2132.218886,1441.053854,168,2.000000,23344688.188778
277,105,532939872,532939872,26687.550066,5146778.493350,576.837158,152037,4.881410,285925124.761113
278,106,641195712,641195712,28197.860070,5194363.982010,577.768481,182943,5.012518,344510498.758402
279,107,532838736,532838736,22613.252906,4980828.587307,1752.712886,139395,4.521525,212488252.652129
280,108,483542680,441605400,15204.855683,2273699.093886,1441.053854,107915,5.340360,287748915.871243
281,109,532939872,532939872,23774.281189,2059018.718710,1650.246643,152037,5.124654,225525313.612273
282,110,166666794,21504,1461.822996,2038.305497,1441.053854,168,2.000000,18643193.420893
283,111,532939872,532939872,23561.706765,5004413.301078,2315.083877,152037,5.012951,244840021.181665
284,112,641195712,641195712,21622.518625,4960531.637426,1405.796642,182943,5.015256,327448091.057140
285,113,532939872,532939872,25268.954243,5042278.945894,1650.246643,152037,5.147859,205964534.736482
286,114,166666794,21504,1445.478237,1787.096421,1441.053854,168,2.000000,21266969.577332
287,115,166666794,21504,1457.573459,2036.927414,1441.053854,168,2.000000,19548930.607228
288,116,335958680,294021400,15717.655493,2565920.265898,1441.053854,71880,5.396967,205184525.998030
289,117,166666794,21504,1446.188283,1934.670923,1441.053854,168,2.000000,18817433.232797
290,118,425391840,425391840,24383.327343,1483365.562999,1403.446161,122949,5.085117,258805320.590190
291,119,532954320,532954320,19387.457189,1375714.503332,1490.991427,153843,4.265212,350117934.224485
292,120,166666794,21504,1455.075747,1922.745136,1441.053854,168,2.000000,19518068.389525
293,121,335958680,294021400,13071.969810,1246115.254563,1441.053854,71880,5.391402,407109634.855605
294,122,532939872,532939872,22006.314280,2077040.947776,1490.991427,152037,4.932615,262446584.807547
295,123,166666794,21504,1447.564457,2014.245053,1441.053854,168,2.000000,19513902.409670
296,124,166666794,21504,591.738319,591.738319,591.738319,168,1.000000,228131.582776
297,125,166666794,21504,591.738319,591.738319,591.738319,168,1.000000,229042.428158
298,126,163328,1250554918,7206.380378,1691802.797000,591.738319,306398,1.733458,174.065448
299,127,90112,667775102,9510.406682,4763557.726130,1441.053854,163622,2.000000,161.769924
345,128,641195712,641195712,20031.968081,1362699.337520,2315.083877,182943,4.947973,344587851.183610
346,129,166666794,21504,1459.620819,2117.299406,1441.053854,168,2.000000,26473442.034625
347,130,532939872,532939872,22791.964721,4954699.692086,2315.083877,152037,4.863139,211216216.480432
348,131,425290704,425290704,18622.898208,1710570.867763,1405.796642,110307,4.423047,216035945.972684
349,132,425406288,425406288,14414.169933,1379656.598941,1403.446161,124755,4.080502,166259946.973906
350,133,166666794,21504,1463.433292,3128.370896,1441.053854,168,2.000000,20600890.234301
351,134,532838736,532838736,20133.476316,1414796.802219,1403.446161,139395,5.030324,271244661.343978
352,135,335958680,294021400,14588.362034,1425467.214186,1441.053854,71880,5.336185,177245606.083291
353,136,483542680,441605400,14069.527217,1320863.421053,1441.053854,107915,5.352388,236630688.514872
354,137,335958680,294021400,18532.958985,2623206.089800,1441.053854,71880,5.242571,391019953.837557
355,138,166666794,21504,1858.313893,67324.695189,1441.053854,168,2.000000,24090262.214535
356,139,166666794,21504,1717.947227,18660.337145,1441.053854,168,2.000000,19054994.535489
357,140,483542680,441605400,13353.832100,2328810.293427,1441.053854,107915,5.425186,171416460.153025
358,141,532939872,532939872,22875.589426,1348458.654178,2315.083877,152037,5.003723,292840300.975113
359,142,532838736,532838736,22312.105366,5002171.401821,2319.019588,139395,4.875734,228523367.623056
360,143,532954320,532954320,18978.180037,1211641.597645,1405.796642,153843,4.694877,197947573.743363
361,144,166666794,21504,1636.102193,13979.027462,1441.053854,168,2.000000,19779659.436305
362,145,335958680,294021400,14370.353358,1272818.793294,1441.053854,71880,5.387632,368880498.071811
363,146,166666794,21504,1461.540879,2080.755624,1441.053854,168,2.000000,19749604.524656
364,147,166666794,21504,3040.192074,267358.034774,1441.053854,168,2.000000,19890328.527650
365,148,166666794,21504,1449.234692,2175.640532,1441.053854,168,2.000000,19744361.337659
366,149,532954320,532954320,19519.176315,4920156.687061,1405.796642,153843,4.856789,245388880.723335
367,150,335958680,294021400,15558.611453,2283880.257144,1441.053854,71880,5.279118,169042232.395515
368,151,532939872,532939872,21152.314036,4948577.609239,2315.083877,152037,5.030736,273050459.900540
369,152,189527680,147590400,14270.485535,2274516.551851,1441.053854,36085,5.257531,150243788.277967
370,153,425391840,425391840,16497.145989,1065551.508355,2341.148766,122949,4.712637,235192847.569739
371,154,166666794,21504,1530.864543,6148.802780,1441.053854,168,2.000000,19493494.640638
372,155,166666794,21504,1476.744239,3961.360787,1441.053854,168,2.000000,19073671.717275
373,156,189527680,147590400,14716.344823,726454.753671,591.738319,36085,5.531301,1007341824.381840
374,157,425391840,425391840,21742.084054,4984795.701219,1488.474874,122949,4.754305,262718278.084597
375,158,154624,1167775484,9097.646737,659336.979528,591.738319,286124,1.964072,100000594.544256
376,159,111616,834441896,9513.515335,4881531.925218,1441.053854,204456,2.000000,322.189826
422,160,335958680,294021400,13963.713750,1069071.844402,1441.053854,71880,5.416639,426689074.983170
423,161,166666794,21504,1478.499853,2865.282263,1441.053854,168,2.000000,23975498.501134
424,162,532838736,532838736,20529.408579,4967727.371325,1403.446161,139395,5.049313,276564592.609863
425,163,166666794,21504,1470.236903,2146.770819,1441.053854,168,2.000000,21113680.701537
426,164,335958680,294021400,8767.397953,1261501.335123,845.058060,71880,3.174082,829454915.254059
427,165,318546768,318546768,18349.317057,1009254.893683,1403.446161,95073,4.122148,68070168.222104
428,166,532939872,532939872,22902.972897,2083602.907565,1405.796642,152037,5.094220,326912826.907330
429,167,335958680,294021400,8322.059763,1266488.531208,845.058060,71880,3.195033,918117758.207573
430,168,166666794,21504,2947.155039,254091.604704,1441.053854,168,2.000000,23517070.452904
431,169,532939872,532939872,19431.866810,1345125.770147,2315.083877,152037,5.080868,281751483.576395
432,170,166666794,21504,1478.229216,2569.792525,1441.053854,168,2.000000,19123765.147247
433,171,425391840,425391840,17787.026436,2795269.737709,2315.083877,122949,4.851727,237477361.209426
434,172,335958680,294021400,14524.589131,1238234.469767,1441.053854,71880,5.188676,304201115.442997
435,173,335958680,294021400,17372.118199,2302467.095442,1441.053854,71880,5.435768,225940930.809762
436,174,641195712,641195712,18925.007503,2792874.625680,1752.712886,182943,4.933121,310229430.840052
437,175,641195712,641195712,18355.125163,1371517.864700,2315.083877,182943,4.626272,370850675.865403
438,176,641195712,641195712,19026.859037,2753498.284531,1403.446161,182943,4.402207,71074885.475662
439,177,425391840,425391840,20338.181939,1314448.597830,1752.712886,122949,4.124580,282880560.291989
440,178,335958680,294021400,15814.983315,2205276.422946,1441.053854,71880,5.372871,281623880.124714
441,179,166666794,21504,1617.459389,11379.315211,1441.053854,168,2.000000,21760693.808403
442,180,335958680,294021400,15429.686768,1286938.978760,1441.053854,71880,4.922218,180359080.328446
443,181,425391840,425391840,17876.312271,2794318.366501,1405.796642,122949,4.748449,253519654.568414
444,182,166666794,21504,1561.145403,7524.359405,1441.053854,168,2.000000,19315393.007939
445,183,166666794,21504,1556.178466,7000.695636,1441.053854,168,2.000000,19298303.390223
446,184,335958680,294021400,14097.971918,847419.436283,1441.053854,71880,5.129549,554589713.909670
447,185,335958680,294021400,12298.376004,1253128.512906,1441.053854,71880,4.971174,549259727.744267
448,186,166666794,21504,1537.273112,6040.998550,1441.053854,168,2.000000,19398030.539425
449,187,166666794,21504,1483.374012,3088.517552,1441.053854,168,2.000000,19650805.155245
450,188,166666794,21504,591.738319,591.738319,591.738319,168,1.000000,0.000000
451,189,641195712,641195712,20278.095746,4990585.994049,1403.446161,182943,4.855157,309292417.050016
452,190,154624,1167775484,8249.339358,3113789.941630,591.738319,286124,1.857286,3924.154214
453,191,118016,876385576,9929.567141,4639314.791950,1441.053854,214736,2.000000,174.351445
499,192,483542680,441605400,14748.666350,1392755.868409,1441.053854,107915,5.184905,243570681.283694
500,193,335958680,294021400,17094.827942,2588630.832182,1441.053854,71880,5.296592,120898324.318809
501,194,189527680,147590400,13875.954911,2909326.365613,1441.053854,36085,5.589469,82423069.321891
502,195,335958680,294021400,17772.141086,1415351.491733,1441.053854,71880,5.174416,327386470.504393
503,196,641195712,641195712,20763.292762,4956365.072799,1752.712886,182943,4.785234,260809047.471058
504,197,166666794,21504,1464.537613,2429.119997,1441.053854,168,2.000000,18731157.518819
505,198,335958680,294021400,20819.965253,2486989.549936,1441.053854,71880,5.172927,156558006.495998
506,199,483542680,441605400,17095.656843,2255136.679386,1441.053854,107915,5.425103,192813777.377961
507,200,641195712,641195712,21654.180496,4952941.922856,1490.991427,182943,4.970368,258612916.500648
508,201,641210160,641210160,25695.860027,2841127.556334,674.626029,184749,5.113987,282752720.971518
509,202,532954320,532954320,20444.903511,2794004.463464,674.626029,153843,4.651209,59510787.589714
510,203,532939872,532939872,26579.323121,1501896.117185,1403.446161,152037,5.021574,234896764.210858
511,204,532954320,532954320,21933.576078,5000714.740989,1405.796642,153843,4.410568,387168236.913033
512,205,335958680,294021400,19406.541800,1593385.102989,1441.053854,71880,5.377156,122406031.994018
513,206,166666794,21504,1458.124877,1991.019694,1441.053854,168,2.000000,20159783.758332
514,207,166666794,21504,9057.958414,1275279.035724,1441.053854,168,2.000000,20047830.904639
515,208,532939872,532939872,22885.820166,1421825.338884,1488.474874,152037,4.876471,232523520.317859
516,209,641195712,641195712,18659.591366,4950036.861945,1405.796642,182943,4.485720,67881273.495218
517,210,335958680,294021400,17568.979566,949066.250516,1441.053854,71880,5.367321,116233910.862833
518,211,166666794,21504,1463.567264,3386.156260,1441.053854,168,2.000000,18521026.503219
519,212,166666794,21504,7237.541146,967400.246350,1441.053854,168,2.000000,19949314.695139
520,213,189527680,147590400,11455.816873,3545495.676261,1441.053854,36085,5.008923,128861191.440357
521,214,641195712,641195712,17676.700014,4947185.484241,1405.796642,182943,4.521485,315443252.983011
522,215,335958680,294021400,15976.414186,844168.248264,1441.053854,71880,5.314705,189147337.213183
523,216,335958680,294021400,20895.733577,1654578.511221,1441.053854,71880,5.203603,65784893.369151
524,217,532939872,532939872,20049.218009,4986970.460095,1403.446161,152037,4.985326,333860329.973716
525,218,166666794,21504,1461.767525,2076.178082,1441.053854,168,2.000000,19524306.745989
526,219,166666794,21504,2182.503123,125542.083158,1441.053854,168,2.000000,19202410.439610
527,220,335958680,294021400,19421.685475,2109242.002352,591.738319,71880,5.209794,1102461764.982255
528,221,335958680,294021400,18555.706028,2549974.950636,591.738319,71880,5.346592,1260853448.956541
529,222,145920,1084996050,8958.468668,1053588.166075,591.738319,265850,1.922663,335.471913
530,223,87808,626939348,9898.540674,2239373.459852,1441.053854,153628,2.000000,923.239734
576,224,483542680,441605400,19879.657186,1318800.879416,1441.053854,107915,5.268165,151262779.250894
577,225,532838736,532838736,20930.514787,2786656.618890,2315.083877,139395,4.916891,302187112.985677
578,226,189527680,147590400,12944.308276,341153.391861,1441.053854,36085,5.258113,6660622.931008
579,227,166666794,21504,1460.162525,2076.959776,1441.053854,168,2.000000,21961511.531195
580,228,483542680,441605400,17046.034011,2460364.078860,908.387995,107915,4.986184,248501126.464471
581,229,335958680,294021400,15700.531500,1093116.255484,908.387995,71880,5.116138,171424849.186798
582,230,532939872,532939872,17684.749545,2034141.619337,1405.796642,152037,4.970843,231570070.808857
583,231,166666794,21504,1458.304022,2156.069968,1441.053854,168,2.000000,18633254.978279
584,232,641195712,641195712,17982.933403,2064688.762219,1405.796642,182943,5.099009,264376809.676444
585,233,425391840,425391840,17908.390772,4999970.443047,2315.083877,122949,4.779266,278206073.854285
586,234,166666794,21504,1472.135651,2409.017837,1441.053854,168,2.000000,18554666.547923
587,235,335958680,294021400,16660.957470,1011239.116355,1441.053854,71880,5.317738,115741356.769020
588,236,532954320,532954320,18519.381606,1431886.403064,1405.796642,153843,4.848215,291863167.408736
589,237,641195712,641195712,17953.268464,4952458.733279,1403.446161,182943,4.872922,330922704.462932
590,238,335958680,294021400,16972.864352,1835119.461797,1441.053854,71880,5.357735,124510913.346167
591,239,166666794,21504,1451.471716,2059.776140,1441.053854,168,2.000000,19000376.719284
592,240,335958680,294021400,19606.671346,1291841.000833,1441.053854,71880,5.382081,430236791.768588
593,241,189527680,147590400,12226.400138,3720283.323365,1441.053854,36085,5.427075,259659847.685070
594,242,532939872,532939872,18689.036855,4941444.577279,1403.446161,152037,4.831784,197295988.526041
595,243,335958680,294021400,14942.362937,1540727.669433,1441.053854,71880,5.115748,464510484.142455
596,244,166666794,21504,5590.309913,698362.894187,1441.053854,168,2.000000,23244697.445360
597,245,166666794,21504,4484.914483,511074.437840,1441.053854,168,2.000000,19501208.090874
598,246,335958680,294021400,17884.950856,2571182.662430,1441.053854,71880,5.392376,108989329.198849
599,247,641195712,641195712,18024.773565,2765063.116052,1403.446161,182943,5.004329,320372588.340910
600,248,641195712,641195712,16404.572099,5049254.377425,577.768481,182943,4.803108,291463544.278747
601,249,532954320,532954320,20759.544613,5000585.733245,577.768481,153843,4.943221,256284888.284135
602,250,166666794,21504,1453.662685,2087.495261,1441.053854,168,2.000000,19720130.361986
603,251,483542680,441605400,17566.913577,1121391.519246,1441.053854,107915,5.367993,149798106.658332
604,252,335958680,294021400,22224.458142,2362475.901380,591.738319,71880,5.030217,1619310162.238958
605,253,166666794,21504,591.738319,591.738319,591.738319,168,1.000000,0.000000
606,254,145920,1084996050,8141.144204,3804559.241297,591.738319,265850,1.807734,174.779635
607,255,102912,751662462,9678.422995,3885215.405010,1441.053854,184182,2.000000,348.985015
653,256,318445632,318445632,20037.143100,1370687.942801,1403.446161,82431,4.926812,181319893.715531
654,257,335958680,294021400,21376.906781,2535181.803760,1441.053854,71880,5.285086,220062272.612081
655,258,532939872,532939872,22223.236824,5050501.233124,1405.796642,152037,5.091478,254639211.252249
656,259,166666794,21504,1465.786386,2163.399060,1441.053854,168,2.000000,18624583.325774
657,260,335958680,294021400,16892.077540,1217582.465466,1441.053854,71880,5.452017,411649763.311953
658,261,189527680,147590400,11512.975500,3052348.259839,1441.053854,36085,4.734433,101579048.372026
659,262,166666794,21504,1460.337615,2696.268891,1441.053854,168,2.000000,18702308.882595
660,263,483542680,441605400,16505.117397,1835995.131389,1441.053854,107915,5.310226,168317441.597768
661,264,532939872,532939872,18034.397182,5004821.977328,2319.019588,152037,4.738360,336040477.359594
662,265,166666794,21504,1442.798498,1661.507692,1441.053854,168,2.000000,19281523.656712
663,266,335958680,294021400,16770.813270,1236390.117927,1441.053854,71880,5.374777,103396434.187918
664,267,166666794,21504,1528.147338,13511.732146,1441.053854,168,2.000000,19271757.002221
665,268,425391840,425391840,19707.907654,1137754.028161,1405.796642,122949,4.986279,316492035.558177
666,269,483542680,441605400,14744.885301,2105097.225050,1441.053854,107915,5.393217,286155018.239002
667,270,166666794,21504,2051.166087,97600.199784,1441.053854,168,2.000000,18700370.232471
668,271,335958680,294021400,17860.705483,2243380.189640,1441.053854,71880,5.049012,119673099.123841
669,272,532939872,532939872,18055.461860,5048354.172723,1403.446161,152037,4.754547,340082494.145847
670,273,189527680,147590400,12165.281678,3292754.164718,1441.053854,36085,5.420590,6019944.191098
671,274,166666794,21504,3857.796387,392016.833061,1441.053854,168,2.000000,18537519.548762
672,275,335958680,294021400,26113.894025,2364941.648937,1441.053854,71880,5.176099,94381328.136207
673,276,166666794,21504,1639.214033,30976.072718,1441.053854,168,2.000000,18889566.981314
674,277,641195712,641195712,15795.819326,5041863.236842,1403.446161,182943,4.862957,358844919.971253
675,278,335958680,294021400,13698.815293,1323413.774788,1441.053854,71880,4.802838,358337999.956937
676,279,335958680,294021400,14511.294198,1259595.069371,1441.053854,71880,5.364302,264687195.159410
677,280,425391840,425391840,19868.008320,4881939.590739,576.837158,122949,4.935266,175737554.582854
678,281,532939872,532939872,22767.816868,2789630.156558,1488.474874,152037,5.008123,194324064.954895
679,282,335958680,294021400,17553.654648,2517339.444093,1441.053854,71880,5.342446,53497840.301157
680,283,641094576,641094576,21830.416760,2788141.757866,2728.333501,170301,4.910840,363437117.447269
681,284,335958680,294021400,21502.599661,2935917.991320,591.738319,71880,5.227435,1031752995.734855
682,285,641195712,641195712,20067.825073,2795286.367799,1650.246643,182943,5.013075,270530778.933506
683,286,87808,626939348,9319.464517,304418.261039,591.738319,153628,1.933085,348.432097
684,287,145920,1084996050,9390.849444,242594.341604,1441.053854,265850,2.000000,522.670338
730,288,335958680,294021400,15797.047067,663337.190229,1441.053854,71880,5.195423,395331513.319225
731,289,335958680,294021400,19335.618570,1667757.103252,1441.053854,71880,5.427240,100658751.337437
732,290,335958680,294021400,16121.481919,1304152.946722,1441.053854,71880,5.427699,238739672.936315
733,291,483542680,441605400,14749.659127,1386235.745951,1441.053854,107915,5.107751,141850659.021666
734,292,166666794,21504,1480.471153,2778.540918,1441.053854,168,2.000000,18509471.755507
735,293,641195712,641195712,17694.414895,4937982.338631,2315.083877,182943,4.866428,369825207.532517
736,294,532939872,532939872,18367.965793,4916009.017653,1752.712886,152037,5.135092,258502900.581922
737,295,641195712,641195712,18138.911031,4882138.820161,1490.991427,182943,4.971647,259656223.644754
738,296,335958680,294021400,16761.088890,2360642.594020,1441.053854,71880,5.382401,175387931.638593
739,297,166666794,21504,1498.296572,3960.799830,1441.053854,168,2.000000,19791921.924097
740,298,166666794,21504,1595.743063,9545.108189,1441.053854,168,2.000000,19867094.732145
741,299,166666794,21504,1543.375708,6182.844851,1441.053854,168,2.000000,19888865.711063
742,300,641210160,641210160,18943.877249,4910796.484772,2315.083877,184749,4.994739,364622829.084140
743,301,335958680,294021400,12661.100598,1249530.366732,1441.053854,71880,3.705523,34662132.004100
744,302,532939872,532939872,20451.161537,2617347.223621,2315.083877,152037,4.996856,186558097.218025
745,303,166666794,21504,1486.989715,3883.765698,1441.053854,168,2.000000,18655204.202196
746,304,166666794,21504,1521.836309,6888.571382,1441.053854,168,2.000000,18355135.116222
747,305,335958680,294021400,16668.673690,2154318.878755,1441.053854,71880,5.366653,132635199.711384
748,306,189527680,147590400,22356.891335,1360256.856112,1441.053854,36085,5.611113,96605898.941186
749,307,189527680,147590400,20211.962104,2962740.616814,1441.053854,36085,5.530969,91827590.993315
750,308,532939872,532939872,18937.791966,3667265.300961,1403.446161,152037,5.060965,347168800.835377
751,309,166666794,21504,1445.575532,1804.869566,1441.053854,168,2.000000,19217651.399342
752,310,335958680,294021400,12230.385789,1246589.572368,1441.053854,71880,3.675946,175515403.413135
753,311,166666794,21504,2555.857918,182936.980078,1441.053854,168,2.000000,19380714.485336
754,312,335958680,294021400,17307.167435,1958881.120657,1441.053854,71880,5.366667,144794260.399515
755,313,641195712,641195712,17528.821146,1805676.919270,1650.246643,182943,4.841902,343019627.579407
756,314,335958680,294021400,18406.644747,2277207.282369,1441.053854,71880,5.242265,279606621.744500
757,315,641195712,641195712,18013.973633,1791953.715418,2315.083877,182943,4.935679,298823504.761506
758,316,532939872,532939872,20091.728849,2849304.095246,2315.083877,152037,4.880102,253118858.451303
759,317,189527680,147590400,22607.033920,1211543.749761,591.738319,36085,5.396287,1050982.569905
760,318,130816,960272936,9221.318118,307846.309251,591.738319,235296,1.956310,349.522667
761,319,124416,918329256,9791.460604,385589.014913,1441.053854,225016,2.000000,508.416164
807,320,641195712,641195712,16025.737606,4916312.597707,2315.083877,182943,4.482997,72245472.893567
808,321,166666794,21504,1441.482082,1477.033489,1441.053854,168,2.000000,19286978.456980
809,322,335958680,294021400,13992.576535,597785.023926,1441.053854,71880,4.820506,180220032.841106
810,323,166666794,21504,1468.213408,2053.512413,1441.053854,168,2.000000,19273926.815037
811,324,335958680,294021400,17342.195975,2573430.267272,1441.053854,71880,5.173178,203060888.794429
812,325,166666794,21504,10703.487401,948271.134997,1441.053854,168,2.000000,19452315.960087
813,326,166666794,21504,1449.424225,2003.660477,1441.053854,168,2.000000,19287627.056671
814,327,425391840,425391840,17838.936402,1914360.633001,1403.446161,122949,4.287013,281637626.622219
815,328,425290704,425290704,20495.649773,1202667.605397,2315.083877,110307,4.955352,244786080.455059
816,329,166666794,21504,1445.692070,1913.139920,1441.053854,168,2.000000,18727568.136174
817,330,532939872,532939872,17327.652227,4991951.830288,1488.474874,152037,4.848438,289977875.332955
818,331,335958680,294021400,15743.035032,2572582.662261,1441.053854,71880,5.065860,221884829.260691
819,332,166666794,21504,1508.643074,9753.643853,1441.053854,168,2.000000,19957571.446729
820,333,532939872,532939872,16702.734550,1851694.881071,2315.083877,152037,4.471523,267732402.867115
821,334,641210160,641210160,19680.343920,1548433.028472,2315.083877,184749,5.049207,343788045.704816
822,335,532939872,532939872,18848.685059,2244405.097377,1650.246643,152037,4.877352,266371551.236926
823,336,532939872,532939872,19104.010849,1342269.187464,1403.446161,152037,4.903760,277033919.640818
824,337,641195712,641195712,17154.455122,4959051.801515,1403.446161,182943,4.361189,314830474.438648
825,338,166666794,21504,1452.680962,2045.148536,1441.053854,168,2.000000,21581500.905392
826,339,335958680,294021400,17845.523982,2537883.150087,1441.053854,71880,5.285003,70327594.246170
827,340,335958680,294021400,15964.683361,2299759.044870,1441.053854,71880,5.128061,355409392.607761
828,341,166666794,21504,9465.449347,1346897.076445,1441.053854,168,2.000000,19124755.829974
829,342,335958680,294021400,13564.373996,1077837.122913,1441.053854,71880,5.246299,173554093.979281
830,343,532939872,532939872,17773.756823,1411857.968842,2315.083877,152037,4.932793,255124199.730923
831,344,166666794,21504,1467.774448,2285.216968,1441.053854,168,2.000000,19315940.608175
832,345,532939872,532939872,19113.383536,1348997.552410,1403.446161,152037,5.084532,214071764.756054
833,346,335958680,294021400,15637.421022,2531878.874722,1441.053854,71880,5.362799,172193983.705714
834,347,166666794,21504,1463.343045,3676.052072,1441.053854,168,2.000000,19299246.366429
835,348,335958680,294021400,19038.286537,3164254.396817,591.738319,71880,5.324068,1646136769.059950
836,349,166666794,21504,591.738319,591.738319,591.738319,168,1.000000,0.000000
837,350,139520,1043052370,7838.841416,247320.610682,591.738319,255570,1.800000,322.989746
838,351,148224,1125831804,9269.797151,1286780.339819,1441.053854,275844,2.000000,100000174.225527
884,352,532838736,532838736,24968.762735,4950789.908726,2315.083877,139395,5.153678,314658065.986793
885,353,166666794,21504,1463.416328,2110.735684,1441.053854,168,2.000000,19766330.629704
886,354,166666794,21504,1477.454464,2285.135008,1441.053854,168,2.000000,19888735.606170
887,355,532939872,532939872,19920.467125,1515878.072768,1650.246643,152037,5.046311,192121011.153577
888,356,641195712,641195712,26095.967457,1529507.555571,1403.446161,182943,5.114167,344896651.764261
889,357,425391840,425391840,25939.742285,1323276.537673,2315.083877,122949,4.870174,230090245.468850
890,358,532939872,532939872,25263.397966,1529320.006203,1403.446161,152037,5.127693,229418886.653577
891,359,641195712,641195712,22400.884945,2031930.869304,1403.446161,182943,5.209694,319215653.779818
892,360,532954320,532954320,22580.965982,4907709.072832,1403.446161,153843,5.021106,213008530.224661
893,361,335958680,294021400,15795.008285,2548739.571498,1441.053854,71880,5.129772,75994211.072374
894,362,532939872,532939872,18015.479988,1134168.485640,1403.446161,152037,4.335642,293518993.565610
895,363,483542680,441605400,14068.076139,2285711.231282,1441.053854,107915,5.433832,124553311.737606
896,364,335958680,294021400,14232.491976,1334747.185998,1441.053854,71880,5.219213,806627870.317804
897,365,532939872,532939872,20753.051414,1354742.261086,2315.083877,152037,5.241632,308942557.103803
898,366,335958680,294021400,14262.367996,883886.678934,1441.053854,71880,5.235072,185305120.468594
899,367,166666794,21504,1466.201589,2160.605582,1441.053854,168,2.000000,19299797.461489
900,368,532939872,532939872,19913.341642,5048847.582429,1650.246643,152037,4.989378,197301962.080139
901,369,166666794,21504,1442.308703,1539.871064,1441.053854,168,2.000000,19777049.855536
902,370,166666794,21504,1461.321821,2080.299891,1441.053854,168,2.000000,19807677.231213
903,371,335958680,294021400,15464.712785,2667973.129151,1441.053854,71880,4.852685,476493309.021731
904,372,166666794,21504,1445.035359,1975.037620,1441.053854,168,2.000000,19386766.403146
905,373,641195712,641195712,19802.687435,4949924.951278,577.768481,182943,4.593524,368664833.361182
906,374,166666794,21504,1450.042674,1836.322818,1441.053854,168,2.000000,19565546.202262
907,375,532939872,532939872,22127.947376,4979214.895651,577.768481,152037,4.991252,259118413.090925
908,376,318445632,318445632,21588.870763,1866580.718706,1488.474874,82431,5.007315,241610677.940185
909,377,189527680,147590400,13629.537448,4952318.188815,1441.053854,36085,5.533851,8858756.848311
910,378,641195712,641195712,21835.470165,5026020.305824,1490.991427,182943,5.192131,368144725.799650
911,379,166666794,21504,1453.973668,2127.647496,1441.053854,168,2.000000,18686501.481248
912,380,166666794,21504,591.738319,591.738319,591.738319,168,1.000000,228131.582776
913,381,166666794,21504,591.738319,591.738319,591.738319,168,1.000000,229042.700925
914,382,184832,1417221712,7497.099139,2765710.836621,591.738319,347232,1.764803,0.000000
915,383,68608,501108308,9632.139474,440886.503090,1441.053854,122788,2.000000,161.607727
961,384,532939872,532939872,20223.420538,2253921.518927,2315.083877,152037,4.959536,284257512.474509
962,385,425391840,425391840,18955.290014,2259048.572237,2315.083877,122949,4.244036,67198347.957497
963,386,335958680,294021400,18617.769794,2537302.110929,1441.053854,71880,4.920159,161227304.593101
964,387,532939872,532939872,20770.685679,4982862.497041,2315.083877,152037,4.968409,283679410.763582
965,388,335958680,294021400,15643.208149,2259009.201413,1441.053854,71880,5.365776,397665905.583799
966,389,166666794,21504,1559.167245,20634.590173,1441.053854,168,2.000000,18755044.964073
967,390,641195712,641195712,15480.738755,2311207.140298,2160.166273,182943,4.843175,281656600.761773
968,391,335958680,294021400,14333.919679,1349567.471814,1441.053854,71880,5.428116,130934885.303600
969,392,641195712,641195712,17413.001667,2066581.210559,1650.246643,182943,5.000891,288260826.809794
970,393,641094576,641094576,20584.444384,4937427.439138,2315.083877,170301,5.049277,255871264.145914
971,394,166666794,21504,1513.814807,7595.675348,1441.053854,168,2.000000,19567970.796374
972,395,335958680,294021400,18137.577375,2300223.964975,1441.053854,71880,5.241249,417034582.151067
973,396,189527680,147590400,12684.875164,637591.435809,1441.053854,36085,5.443204,5551776.965302
974,397,166666794,21504,1464.421115,2870.205582,1441.053854,168,2.000000,18403632.568482
975,398,335958680,294021400,17664.079111,2552187.085225,1441.053854,71880,4.999917,120366069.905454
976,399,532939872,532939872,16091.635804,5001966.974027,1650.246643,152037,4.272618,369627072.292106
977,400,166666794,21504,14936.119774,2265006.826043,1441.053854,168,2.000000,19618060.056752
978,401,335958680,294021400,16201.203301,1407125.627970,1441.053854,71880,5.423511,357502057.909294
979,402,166666794,21504,2375.367071,157435.124810,1441.053854,168,2.000000,19445616.027601
980,403,335958680,294021400,14219.360672,2266383.613086,1441.053854,71880,5.198344,267333069.958037
981,404,335958680,294021400,17239.137173,1803300.465885,1441.053854,71880,5.183918,176383387.982131
982,405,166666794,21504,1572.984557,23534.158029,1441.053854,168,2.000000,19274060.012210
983,406,335958680,294021400,16522.282517,2587885.153065,1441.053854,71880,5.247371,239831961.538615
984,407,166666794,21504,1458.145098,2080.239159,1441.053854,168,2.000000,19285582.189156
985,408,425391840,425391840,17886.770484,5045437.119269,1403.446161,122949,5.021456,261459531.773665
986,409,425391840,425391840,21780.755508,4940585.647679,2315.083877,122949,5.149704,278651658.071810
987,410,166666794,21504,1443.471433,1602.772695,1441.053854,168,2.000000,19338273.392227
988,411,166666794,21504,1447.285498,1897.028542,1441.053854,168,2.000000,19235714.817218
989,412,166666794,21504,591.738319,591.738319,591.738319,168,1.000000,0.000000
990,413,335958680,294021400,16112.556763,1255964.973804,591.738319,71880,5.395145,2155259747.617182
991,414,182528,1376385958,8420.651428,1905417.710284,591.738319,337238,1.848433,321.634439
992,415,102912,751662462,9644.759804,1613377.064671,1441.053854,184182,2.000000,348.885973
1038,416,335958680,294021400,14346.673761,1520031.345978,1441.053854,71880,5.119839,248874448.065346
1039,417,166666794,21504,1448.229227,2100.869170,1441.053854,168,2.000000,18662446.453757
1040,418,532954320,532954320,15853.973049,1377937.171680,1490.991427,153843,4.328042,357260782.610201
1041,419,335958680,294021400,14913.460643,1610307.919391,1441.053854,71880,5.279118,245550086.824743
1042,420,166666794,21504,1451.177750,1876.200053,1441.053854,168,2.000000,19276015.913745
1043,421,532939872,532939872,19448.605195,1526232.772085,2315.083877,152037,5.026461,253173512.875634
1044,422,166666794,21504,5061.393210,608835.310661,1441.053854,168,2.000000,19270210.085211
1045,423,532954320,532954320,18989.726818,4988617.642993,1405.796642,153843,4.958191,248499384.410480
1046,424,166666794,21504,1476.974579,2707.593497,1441.053854,168,2.000000,20245955.331384
1047,425,166666794,21504,1538.811722,14735.697177,1441.053854,168,2.000000,19967802.255676
1048,426,166666794,21504,3278.074506,308718.194360,1441.053854,168,2.000000,20034876.202535
1049,427,335958680,294021400,14599.504208,1159156.047089,1441.053854,71880,5.408876,221046734.865238
1050,428,166666794,21504,2219.785008,129624.335231,1441.053854,168,2.000000,19267882.601436
1051,429,425406288,425406288,17673.184605,4970934.065331,1405.796642,124755,4.785748,279793887.618391
1052,430,166666794,21504,1487.589521,3208.322936,1441.053854,168,2.000000,19272576.988256
1053,431,425290704,425290704,17208.537667,4930750.126814,576.837158,110307,4.367891,327738191.234734
1054,432,166666794,21504,3500.976412,344009.867196,1441.053854,168,2.000000,18677193.084073
1055,433,532838736,532838736,15767.503983,4897496.737027,1403.446161,139395,4.945586,335067655.504624
1056,434,532838736,532838736,18545.508156,2767263.394602,1650.246643,139395,5.013903,300666706.178120
1057,435,189527680,147590400,11929.625646,3921389.556993,1441.053854,36085,5.466787,141880460.971263
1058,436,335958680,294021400,14988.309314,1210792.214794,1441.053854,71880,5.361213,152919116.345513
1059,437,166666794,21504,1453.206213,2122.875327,1441.053854,168,2.000000,18744444.643524
1060,438,425290704,425290704,17127.207025,2307672.976522,2315.083877,110307,5.105759,334204640.210955
1061,439,335958680,294021400,14781.689913,1662339.820547,1441.053854,71880,5.123400,510673368.823730
1062,440,335958680,294021400,15545.433186,2180401.266057,1441.053854,71880,5.202017,158922437.942734
1063,441,532939872,532939872,17768.356225,2067167.722949,1752.712886,152037,4.966449,228776924.956762
1064,442,166666794,21504,1459.798219,2087.082272,1441.053854,168,2.000000,19373381.443148
1065,443,166666794,21504,1441.483783,1477.107153,1441.053854,168,2.000000,19447117.584601
1066,444,166666794,21504,591.738319,591.738319,591.738319,168,1.000000,0.000000
1067,445,335958680,294021400,16844.492482,1275087.139282,591.738319,71880,5.118809,2140331022.268167
1068,446,139520,1043052370,7865.948820,281845.061877,591.738319,255570,1.800000,322.410269
1069,447,191232,1459165392,9364.024944,269544.706140,1441.053854,357512,2.000000,100001114.985989
1115,448,335958680,294021400,17753.704280,2602490.415092,1441.053854,71880,5.121439,307037918.059359
1116,449,166666794,21504,1459.642814,3257.362671,1441.053854,168,2.000000,18385645.460543
1117,450,483542680,441605400,15382.020050,1287047.025170,1441.053854,107915,5.334430,117139839.553689
1118,451,335958680,294021400,17811.895281,2736563.507522,1441.053854,71880,5.317891,225304503.881775
1119,452,641210160,641210160,16466.297112,2072600.531459,1405.796642,184749,4.948481,328674614.407482
1120,453,335958680,294021400,17504.888216,2262614.558788,1441.053854,71880,5.322760,115806238.902264
1121,454,483542680,441605400,15822.337166,1346999.094513,1441.053854,107915,5.419988,161099205.434928
1122,455,532939872,532939872,19856.916729,2077136.341412,1403.446161,152037,5.118438,229950405.432009
1123,456,425391840,425391840,18450.459723,5002611.869604,1650.246643,122949,4.968629,249245288.546290
1124,457,335958680,294021400,18473.251116,2243109.081435,1441.053854,71880,5.139218,231929521.960212
1125,458,166666794,21504,1672.607618,39669.310159,1441.053854,168,2.000000,25193125.731557
1126,459,425391840,425391840,19814.582093,2259532.331772,1752.712886,122949,4.975543,263426981.841985
1127,460,166666794,21504,1451.653790,2155.045748,1441.053854,168,2.000000,18450177.803214
1128,461,483542680,441605400,21684.776572,1259195.572465,1441.053854,107915,5.437854,155231864.933517
1129,462,318561216,318561216,18364.092491,652510.443453,1405.796642,96879,4.803662,293302402.773049
1130,463,483542680,441605400,17106.260898,1621749.309059,1441.053854,107915,5.331066,250641810.609264
1131,464,641195712,641195712,17121.551821,2254176.531980,2319.019588,182943,4.906233,354851368.653056
1132,465,425391840,425391840,16889.408650,1416167.014967,1405.796642,122949,4.986019,226114491.613806
1133,466,166666794,21504,14283.088690,2077131.243223,1441.053854,168,2.000000,19287206.517484
1134,467,166666794,21504,1533.993175,7893.366599,1441.053854,168,2.000000,19054654.423451
1135,468,532954320,532954320,16753.244053,1375727.886749,1403.446161,153843,4.960941,274001529.415392
1136,469,189527680,147590400,11787.381062,686673.199090,1441.053854,36085,5.473964,97331336.168983
1137,470,335958680,294021400,20677.508646,2619139.806649,1441.053854,71880,5.442905,117380744.231884
1138,471,335958680,294021400,18068.041915,2560320.851471,1441.053854,71880,4.961770,369677359.812372
1139,472,532939872,532939872,15495.357362,2255849.912314,831.088221,152037,4.240211,271500150.896217
1140,473,166666794,21504,4522.372604,475777.687632,1441.053854,168,2.000000,18502010.208032
1141,474,335958680,294021400,18890.474260,2514266.376034,1441.053854,71880,5.071981,131799251.462001
1142,475,532939872,532939872,16131.265611,4856155.829413,576.837158,152037,4.242941,234678343.867288
1143,476,335958680,294021400,23613.623045,2673883.469886,591.738319,71880,5.373358,599702919.348255
1144,477,335958680,294021400,23488.487482,3091449.487434,591.738319,71880,5.370339,1817705807.429951
1145,478,109312,793606142,9104.957823,1151714.371475,591.738319,194462,1.894272,174.430722
1146,479,109312,793606142,9562.062489,1164289.394943,1441.053854,194462,2.000000,965.519334
1192,480,189527680,147590400,9114.155594,17386.423274,1441.053854,36085,4.669364,66651357.158996
1193,481,335958680,294021400,19936.420300,1890803.752373,1441.053854,71880,5.277727,423571305.807409
1194,482,335958680,294021400,18473.265586,1562035.471745,1441.053854,71880,5.407234,102572824.412818
1195,483,335958680,294021400,16523.052743,1742715.821198,1441.053854,71880,4.628436,80739367.961015
1196,484,166666794,21504,5285.782330,645521.496926,1441.053854,168,2.000000,18807743.654937
1197,485,532939872,532939872,15360.119356,4955724.245341,576.837158,152037,4.266119,341879149.487316
1198,486,335958680,294021400,19479.925195,2532181.366888,1441.053854,71880,4.986394,153025398.626201
1199,487,532838736,532838736,17644.515799,4937262.753891,2315.083877,139395,4.943448,199762495.137426
1200,488,335958680,294021400,22858.418786,2556105.106898,1441.053854,71880,5.093016,93555650.930254
1201,489,532954320,532954320,17642.570521,4997835.748028,1405.796642,153843,4.825335,243149302.099288
1202,490,335958680,294021400,14069.585308,701918.299368,1441.053854,71880,4.507165,56412795.940320
1203,491,166666794,21504,1450.653505,1788.071445,1441.053854,168,2.000000,18821944.295502
1204,492,641195712,641195712,15265.288887,4935669.903489,1403.446161,182943,4.495542,320871794.539170
1205,493,166666794,21504,4064.835154,437120.320890,1441.053854,168,2.000000,18601908.638358
1206,494,335958680,294021400,12771.417447,493825.915985,850.878826,71880,4.108333,61620269.178191
1207,495,335958680,294021400,19847.448684,2629657.390675,850.878826,71880,5.388189,151854332.880459
1208,496,166666794,21504,1464.483150,2284.546151,1441.053854,168,2.000000,35433972.901384
1209,497,641195712,641195712,16313.354849,5046977.675830,1488.474874,182943,4.838950,283963400.992871
1210,498,335958680,294021400,18426.734092,2183101.472656,1441.053854,71880,5.344087,143816173.182718
1211,499,166666794,21504,15389.884133,2342718.252520,1441.053854,168,2.000000,33081792.808346
1212,500,532939872,532939872,16796.717585,4899257.501784,1405.796642,152037,4.244348,270277214.012446
1213,501,166666794,21504,1521.433678,11196.667958,1441.053854,168,2.000000,57224067.247215
1214,502,641094576,641094576,17836.451177,4930423.067462,1488.474874,170301,5.004938,308697817.420387
1215,503,335958680,294021400,18182.238468,2309967.943112,1441.053854,71880,5.029521,224547843.536986
1216,504,166666794,21504,1476.536242,6468.044312,1441.053854,168,2.000000,19011875.139903
1217,505,335958680,294021400,19121.313296,2535002.479700,1441.053854,71880,5.222663,74001387.866234
1218,506,425391840,425391840,15922.220232,2446051.639686,1490.991427,122949,4.591351,205306374.336416
1219,507,425391840,425391840,15662.224798,4953478.223806,1403.446161,122949,4.044897,254436739.149309
1220,508,335958680,294021400,20291.779493,1565803.068860,591.738319,71880,5.283486,1500425028.526800
1221,509,166666794,21504,591.738319,591.738319,591.738319,168,1.000000,0.000000
1222,510,139520,1043052370,7946.879388,1165621.588486,591.738319,255570,1.800000,161.362034
1223,511,115712,835549822,10169.567121,1164411.336422,1441.053854,204742,2.000000,892.662710
1269,512,641195712,641195712,19019.621617,4954143.270452,2315.083877,182943,4.804967,305661858.936070
1270,513,641195712,641195712,20591.968331,1708493.941273,1403.446161,182943,5.033092,316749393.555156
1271,514,483542680,441605400,14459.503799,2277153.797565,1441.053854,107915,4.966761,80825260.423862
1272,515,641195712,641195712,19936.805225,2240841.713187,1403.446161,182943,5.060401,274905494.559053
1273,516,335958680,294021400,17453.031510,2424765.911571,1441.053854,71880,5.344630,120819514.675644
1274,517,425391840,425391840,19232.789033,4997517.489284,2319.019588,122949,4.820511,304131407.915337
1275,518,166666794,21504,1457.145757,2080.463982,1441.053854,168,2.000000,19053231.249365
1276,519,166666794,21504,1446.110084,1787.177088,1441.053854,168,2.000000,19048749.367827
1277,520,166666794,21504,1444.388968,1843.976072,1441.053854,168,2.000000,20070700.155214
1278,521,166666794,21504,1466.521620,2067.206760,1441.053854,168,2.000000,19824802.927417
1279,522,166666794,21504,1469.500495,2137.369062,1441.053854,168,2.000000,19860438.337710
1280,523,335958680,294021400,16246.595731,2544811.363733,1441.053854,71880,4.262451,68715384.965465
1281,524,641195712,641195712,15715.365908,4906609.272780,1650.246643,182943,5.038602,392950467.892046
1282,525,335958680,294021400,20380.202226,2492456.102078,1441.053854,71880,5.352073,266090348.936529
1283,526,335958680,294021400,17475.105124,2523876.334062,1441.053854,71880,5.491889,301918071.672475
1284,527,166666794,21504,1445.073353,1846.127980,1441.053854,168,2.000000,18825151.594559
1285,528,335958680,294021400,20824.394676,2543540.443316,1441.053854,71880,5.027908,193995404.376107
1286,529,335958680,294021400,16506.451870,2529344.927854,1441.053854,71880,4.539691,62786873.508569
1287,530,189527680,147590400,12803.150350,4965655.703648,1441.053854,36085,5.453069,176876761.115266
1288,531,532939872,532939872,16454.071307,2058905.006004,1403.446161,152037,4.759473,299385882.381014
1289,532,166666794,21504,1476.636331,2931.392149,1441.053854,168,2.000000,20451969.090041
1290,533,166666794,21504,1478.560307,2895.234921,1441.053854,168,2.000000,20458428.258146
1291,534,166666794,21504,1461.677297,2284.999440,1441.053854,168,2.000000,20444800.709528
1292,535,166666794,21504,1444.422701,1934.646835,1441.053854,168,2.000000,20434173.864635
1293,536,335958680,294021400,16886.920233,2231419.089842,1441.053854,71880,4.901725,143845312.446915
1294,537,335958680,294021400,19167.900962,2187812.567205,1441.053854,71880,5.082053,84174542.853796
1295,538,166666794,21504,1443.910711,1741.796818,1441.053854,168,2.000000,19366259.663029
1296,539,335958680,294021400,17003.430162,1323624.005850,1441.053854,71880,4.850863,86596402.983730
1297,540,166666794,21504,591.738319,591.738319,591.738319,168,1.000000,229042.688744
1298,541,166666794,21504,591.738319,591.738319,591.738319,168,1.000000,228131.582776
1299,542,210432,1584996432,8088.002460,469533.617537,591.738319,388352,1.789706,1114.444599
1300,543,139520,1043052370,9479.801126,662259.675510,1441.053854,255570,2.000000,349.064015
1346,544,425290704,425290704,21831.739010,4925390.279526,1650.246643,110307,5.176988,263188205.988712
1347,545,483542680,441605400,13563.551492,2277654.540929,1441.053854,107915,5.052180,291254239.403912
1348,546,166666794,21504,1447.805775,2045.852587,1441.053854,168,2.000000,18754796.949691
1349,547,335958680,294021400,15269.928315,2119713.128037,1441.053854,71880,5.206747,145440021.522224
1350,548,532838736,532838736,23927.863379,4903551.947089,1403.446161,139395,5.203042,295762888.419172
1351,549,166666794,21504,1577.126744,9431.050835,1441.053854,168,2.000000,19406795.800301
1352,550,425391840,425391840,24501.000782,1550114.906320,2315.083877,122949,4.955258,186310392.918463
1353,551,166666794,21504,1450.056629,2005.832466,1441.053854,168,2.000000,22042833.668577
1354,552,166666794,21504,1464.807837,2016.106218,1441.053854,168,2.000000,18624617.160206
1355,553,335958680,294021400,16535.041745,2508219.508415,1441.053854,71880,5.236881,270475754.287872
1356,554,532838736,532838736,21820.317591,4937012.824295,1490.991427,139395,5.062011,295838176.808501
1357,555,532939872,532939872,20885.142593,2065173.462837,2201.484680,152037,4.950953,229072292.542473
1358,556,483542680,441605400,18675.563173,1894853.086106,1441.053854,107915,5.397146,141408135.788811
1359,557,532939872,532939872,21448.141262,2081038.478817,2315.083877,152037,4.966850,275263031.985588
1360,558,335958680,294021400,13401.872280,1202103.732235,1441.053854,71880,5.303172,130398000.753008
1361,559,425406288,425406288,20988.516319,5697422.325040,2404.214373,124755,5.163504,239442354.517959
1362,560,532954320,532954320,24232.736058,1558795.603955,1403.446161,153843,5.019598,349892551.029865
1363,561,425290704,425290704,24344.247987,1554805.287000,1490.991427,110307,4.645906,192067088.895303
1364,562,425290704,425290704,26709.158579,4931428.279414,1403.446161,110307,5.238471,245063018.217414
1365,563,166666794,21504,1477.962318,4894.341929,1441.053854,168,2.000000,18878751.198496
1366,564,532954320,532954320,21692.650735,4972719.330601,1490.991427,153843,5.006136,284146600.799053
1367,565,425406288,425406288,23185.619294,1549186.130181,1488.474874,124755,4.974694,234144313.528648
1368,566,335958680,294021400,14690.298916,3054316.712627,1441.053854,71880,5.101043,208795010.742852
1369,567,335958680,294021400,15991.213964,2374324.536875,1441.053854,71880,5.419866,220372155.323618
1370,568,425406288,425406288,22509.168463,4948710.804388,1405.796642,124755,4.956579,181858027.565871
1371,569,425391840,425391840,21059.490058,1555011.770637,1403.446161,122949,4.879007,200076638.221572
1372,570,166666794,21504,1642.080528,31329.740945,1441.053854,168,2.000000,19670682.859325
1373,571,166666794,21504,1672.660838,35240.261292,1441.053854,168,2.000000,19530088.483492
1374,572,532939872,532939872,25369.676633,2075860.232472,1488.474874,152037,5.045976,244259029.087432
1375,573,166666794,21504,591.738319,591.738319,591.738319,168,1.000000,0.000000
1376,574,98816,750554536,7528.093914,237971.572871,591.738319,183896,1.777951,0.000000
1377,575,118016,876385576,9297.207908,44164.259457,1441.053854,214736,2.000000,174.638819
1423,576,641195712,641195712,20979.114336,4915413.765794,1752.712886,182943,4.967159,269168938.054543
1424,577,335958680,294021400,15310.925041,1297054.408318,1441.053854,71880,5.310170,127692788.138984
1425,578,166666794,21504,1562.262988,15782.209960,1441.053854,168,2.000000,18418090.268652
1426,579,335958680,294021400,17208.969435,2292624.092265,1441.053854,71880,5.061714,119836487.440678
1427,580,641210160,641210160,23928.688749,4980269.055634,2315.083877,184749,4.985607,335868716.674046
1428,581,532838736,532838736,25827.443445,4983899.382843,1650.246643,139395,5.074465,335566648.859180
1429,582,425406288,425406288,26636.953711,4990799.409912,1650.246643,124755,4.826211,170702851.443204
1430,583,335958680,294021400,14363.018971,1275777.022919,1441.053854,71880,5.155509,122811758.156716
1431,584,166666794,21504,1682.496288,7872.158551,1441.053854,168,2.000000,18355005.010632
1432,585,425391840,425391840,22676.588963,2256010.174368,1403.446161,122949,4.901536,172514816.033227
1433,586,335958680,294021400,13451.760614,1243342.887477,1441.053854,71880,5.416180,274391284.078815
1434,587,335958680,294021400,16687.609569,1288002.577441,1441.053854,71880,5.364552,143730697.379079
1435,588,166666794,21504,2013.695369,16888.646746,1441.053854,168,2.000000,19664908.533271
1436,589,532838736,532838736,23312.973775,4956833.880644,1650.246643,139395,4.988414,251466112.438097
1437,590,483542680,441605400,15118.849507,2183869.998894,1441.053854,107915,5.264013,171162468.450507
1438,591,166666794,21504,2196.497189,44379.787045,1441.053854,168,2.000000,19809735.592391
1439,592,425391840,425391840,19130.890845,5731254.570557,1403.446161,122949,4.102904,173471368.997170
1440,593,335958680,294021400,17222.580192,2535400.407844,1441.053854,71880,5.230996,180014321.537505
1441,594,189527680,147590400,10676.778089,2632487.268050,1441.053854,36085,5.031786,170261176.943764
1442,595,166666794,21504,13127.575468,1882333.430746,1441.053854,168,2.000000,19079557.300895
1443,596,532939872,532939872,24986.371399,4994073.701850,1488.474874,152037,4.864645,233005656.911900
1444,597,532939872,532939872,24099.744040,2072824.604376,2315.083877,152037,5.061972,333286923.915426
1445,598,425391840,425391840,25329.660619,4924514.538987,1752.712886,122949,4.932590,234783662.472843
1446,599,166666794,21504,1606.397759,11852.274883,1441.053854,168,2.000000,18675125.541534
1447,600,641195712,641195712,20873.327096,4917836.105578,674.626029,182943,4.401005,366668610.241452
1448,601,532939872,532939872,20090.774715,1401878.165665,831.088221,152037,4.247617,414424277.546785
1449,602,641195712,641195712,23564.482509,2231096.081901,674.626029,182943,5.103169,331064360.614712
1450,603,189527680,147590400,13854.365307,715196.764785,1441.053854,36085,5.245753,176258520.616422
1451,604,425391840,425391840,22000.497577,5828172.521541,1405.796642,122949,4.239742,167348657.215369
1452,605,641195712,641195712,23660.072253,4939468.255235,1650.246643,182943,4.984930,221006358.025521
1453,606,83712,625831422,9334.754404,40837.043335,1441.053854,153342,2.000000,0.000000
1454,607,102912,751662462,9560.399314,296656.013999,1441.053854,184182,2.000000,348.832041
1500,608,483542680,441605400,14199.381190,2532982.306965,1441.053854,107915,5.067433,184167418.931189
1501,609,425391840,425391840,21390.252849,5146583.973708,2315.083877,122949,4.608822,242953563.415783
1502,610,166666794,21504,1454.265075,2120.100618,1441.053854,168,2.000000,18771348.584739
1503,611,425391840,425391840,18428.828016,2133222.115625,2315.083877,122949,4.846188,177364867.857225
1504,612,166666794,21504,1446.653799,2096.413060,1441.053854,168,2.000000,18564148.841911
1505,613,335958680,294021400,16488.444505,1151845.409633,1441.053854,71880,5.421661,88155618.285315
1506,614,532954320,532954320,15801.193462,4953676.949316,1403.446161,153843,4.371158,352305408.557186
1507,615,483542680,441605400,14237.358346,1277676.448320,1441.053854,107915,5.307158,212773390.936725
1508,616,166666794,21504,1838.201390,65175.967925,1441.053854,168,2.000000,19717460.865171
1509,617,425290704,425290704,20424.256669,4986166.886360,3141.692880,110307,5.090647,261477570.175551
1510,618,166666794,21504,3032.404765,251737.454010,1441.053854,168,2.000000,19696399.837907
1511,619,641210160,641210160,17710.386198,4958053.480109,1405.796642,184749,4.825049,295026829.339198
1512,620,335958680,294021400,17395.744857,2566740.428679,1441.053854,71880,5.118670,455345966.374925
1513,621,166666794,21504,1441.890952,1477.714586,1441.053854,168,2.000000,18709488.649268
1514,622,189527680,147590400,12653.523663,3724963.633639,1441.053854,36085,5.439573,113982640.653985
1515,623,425391840,425391840,17337.097050,4922784.502649,1490.991427,122949,4.891174,289373443.163096
1516,624,166666794,21504,1466.293244,2343.174001,1441.053854,168,2.000000,19732160.548717
1517,625,483542680,441605400,12694.761061,1233958.610198,1441.053854,107915,5.245564,158819419.994882
1518,626,166666794,21504,1453.432117,2051.624277,1441.053854,168,2.000000,19327978.673700
1519,627,532939872,532939872,18216.260636,1210831.861831,1405.796642,152037,4.924025,319316881.818717
1520,628,166666794,21504,1469.890677,2284.948569,1441.053854,168,2.000000,20044799.999844
1521,629,166666794,21504,1445.466266,2109.819312,1441.053854,168,2.000000,19967795.537809
1522,630,189527680,147590400,11435.874553,4985573.585762,1441.053854,36085,4.684689,341751522.948889
1523,631,166666794,21504,4230.880839,463736.867618,1441.053854,168,2.000000,19979769.705539
1524,632,335958680,294021400,17401.951757,2513052.164002,1441.053854,71880,5.332359,186479861.416175
1525,633,532838736,532838736,17450.119505,2781951.693618,1405.796642,139395,4.300068,347187252.005225
1526,634,641195712,641195712,17901.851399,5005805.990674,1403.446161,182943,4.844837,259638784.381073
1527,635,318546768,318546768,19354.742744,4968664.440974,2315.083877,95073,4.369358,227548680.477981
1528,636,166666794,21504,591.738319,591.738319,591.738319,168,1.000000,0.000000
1529,637,335958680,294021400,17621.919412,2244438.496991,591.738319,71880,5.270701,1153570269.648124
1530,638,154624,1167775484,7992.131662,243452.602676,591.738319,286124,1.821357,100001010.022564
1531,639,139520,1043052370,9332.269729,82811.695779,1441.053854,255570,2.000000,335.763552
1577,640,425406288,425406288,16542.018142,5638409.533039,1490.991427,124755,4.144595,213272803.666620
1578,641,532939872,532939872,22322.202403,5212805.967242,2315.083877,152037,4.953630,244705689.451847
1579,642,483542680,441605400,15388.915194,3116778.475485,1441.053854,107915,5.263606,223100720.315802
1580,643,166666794,21504,1483.652812,6400.478591,1441.053854,168,2.000000,18621631.740297
1581,644,166666794,21504,1460.452492,2098.621588,1441.053854,168,2.000000,18838395.617425
1582,645,425391840,425391840,22443.706508,5237995.208340,1752.712886,122949,4.780633,278548612.918842
1583,646,641195712,641195712,18852.070716,5590172.835300,1403.446161,182943,4.887779,272610087.191633
1584,647,189527680,147590400,9275.550914,9293.306879,1441.053854,36085,2.000000,22560653.626157
1585,648,166666794,21504,1467.501106,3049.123028,1441.053854,168,2.000000,19448910.290665
1586,649,166666794,21504,1489.844638,3026.700538,1441.053854,168,2.000000,19608979.556320
1587,650,641195712,641195712,18728.365259,5545241.297098,1403.446161,182943,5.040832,309368174.694620
1588,651,532954320,532954320,19308.671470,5576615.616931,2315.083877,153843,4.784092,274436430.999361
1589,652,335958680,294021400,13685.393861,1217156.058488,1441.053854,71880,5.248762,126699610.279845
1590,653,483542680,441605400,13045.447043,1293609.099988,1441.053854,107915,3.935977,202775190.189624
1591,654,335958680,294021400,22580.713456,5166860.641640,1441.053854,71880,5.382346,98786098.326338
1592,655,532838736,532838736,18296.955822,5058670.160770,1403.446161,139395,4.415173,237735252.662772
1593,656,335958680,294021400,16662.615748,2266686.685989,1441.053854,71880,5.365373,314586575.129419
1594,657,166666794,21504,1506.369629,5332.774876,1441.053854,168,2.000000,19790861.067193
1595,658,166666794,21504,1761.109127,43270.000712,1441.053854,168,2.000000,19746987.184069
1596,659,335958680,294021400,19482.108581,2575717.763370,1441.053854,71880,5.451405,328592918.515851
1597,660,166666794,21504,1470.709251,2987.476867,1441.053854,168,2.000000,18862899.622292
1598,661,335958680,294021400,14340.738186,1133572.083280,1441.053854,71880,5.280732,139555654.328044
1599,662,425391840,425391840,21259.248763,5661120.788314,1403.446161,122949,4.740559,249366729.603889
1600,663,425391840,425391840,20333.275559,5061655.454745,1405.796642,122949,5.047166,221060531.075335
1601,664,335958680,294021400,20201.472916,2251877.352743,1441.053854,71880,5.392933,252998619.581313
1602,665,425290704,425290704,16065.176717,5064963.626499,2315.083877,110307,4.813611,278698654.717185
1603,666,166666794,21504,3141.437889,125988.751275,1441.053854,168,2.000000,19304660.626342
1604,667,166666794,21504,1589.886614,7768.449085,1441.053854,168,2.000000,35424407.178020
1605,668,166666794,21504,591.738319,591.738319,591.738319,168,1.000000,0.000000
1606,669,641195712,641195712,20217.276583,5755404.945240,1490.991427,182943,4.900319,359826694.002441
1607,670,154624,1167775484,8235.456521,240049.092334,591.738319,286124,1.857286,3391.466335
1608,671,118016,876385576,9371.389478,62256.352575,1441.053854,214736,2.000000,174.195128
1654,672,335958680,294021400,14944.012461,1580269.155755,1441.053854,71880,5.322524,223497863.684156
1655,673,335958680,294021400,15067.031421,1497366.413734,1441.053854,71880,5.177323,379876476.422154
1656,674,425391840,425391840,17209.657763,4985937.684967,2315.083877,122949,4.936356,229935941.531663
1657,675,641210160,641210160,17906.529914,5008867.538292,1490.991427,184749,4.836703,216576119.255022
1658,676,532939872,532939872,20735.662212,5009568.928272,1405.796642,152037,4.950308,256765722.233645
1659,677,532838736,532838736,22493.077575,4987579.284772,2315.083877,139395,5.147516,345076870.166224
1660,678,166666794,21504,1460.637849,2016.762254,1441.053854,168,2.000000,18491033.702015
1661,679,335958680,294021400,14117.705575,3556349.731353,1441.053854,71880,5.197287,261359426.134453
1662,680,166666794,21504,1450.917376,1970.632451,1441.053854,168,2.000000,19218284.486485
1663,681,532939872,532939872,18079.388404,4906434.236761,2315.083877,152037,4.905970,335140853.187034
1664,682,166666794,21504,1462.392686,2285.057932,1441.053854,168,2.000000,19340258.026662
1665,683,335958680,294021400,13451.989183,2288950.765058,1441.053854,71880,5.214663,365613651.316081
1666,684,532939872,532939872,18760.779903,4967224.028937,1650.246643,152037,5.079639,323593140.371668
1667,685,532939872,532939872,19909.584462,5029177.891292,2315.083877,152037,4.929438,291668507.530440
1668,686,166666794,21504,1470.226684,2043.060791,1441.053854,168,2.000000,18490122.344556
1669,687,532939872,532939872,18815.843512,4986743.731761,1752.712886,152037,4.983596,310616620.141920
1670,688,335958680,294021400,12946.685221,1533978.176095,1441.053854,71880,5.158639,124669909.555080
1671,689,189527680,147590400,13164.320386,3939073.701388,1441.053854,36085,5.443231,210368352.119929
1672,690,641195712,641195712,18497.567750,5039904.789162,1405.796642,182943,5.003220,358377296.524068
1673,691,166666794,21504,1530.137117,10972.342945,1441.053854,168,2.000000,18609479.113570
1674,692,166666794,21504,1456.059543,2024.892001,1441.053854,168,2.000000,19975858.606092
1675,693,166666794,21504,1477.903665,4905.717820,1441.053854,168,2.000000,19983292.340915
1676,694,189527680,147590400,12398.287838,3073754.879073,1441.053854,36085,5.482167,109934711.901251
1677,695,166666794,21504,1484.755314,7167.259860,1441.053854,168,2.000000,19968146.323283
1678,696,166666794,21504,1540.793583,15475.692066,1441.053854,168,2.000000,19976165.538816
1679,697,166666794,21504,1446.137956,2259.406480,1441.053854,168,2.000000,19968341.476754
1680,698,189527680,147590400,11712.538371,4749871.773104,1441.053854,36085,5.432507,69780446.825327
1681,699,166666794,21504,1486.414990,3699.402898,1441.053854,168,2.000000,19983861.080046
1682,700,641195712,641195712,20703.753542,4939575.593426,1650.246643,182943,5.103256,359204748.109171
1683,701,166666794,21504,591.738319,591.738319,591.738319,168,1.000000,0.000000
1684,702,197632,1501109072,8473.424896,250353.336048,591.738319,367792,1.888975,1105.990301
1685,703,111616,834441896,9345.229168,91343.600055,1441.053854,204456,2.000000,161.274775
1731,704,335958680,294021400,15617.753863,1372439.913787,1441.053854,71880,5.031247,233682712.259883
1732,705,189527680,147590400,15499.031541,3950931.182854,1441.053854,36085,5.104836,301495767.190625
1733,706,641094576,641094576,17891.804679,5079068.839758,1752.712886,170301,5.055807,350804011.632781
1734,707,166666794,21504,1466.974012,2127.420370,1441.053854,168,2.000000,18612566.975760
1735,708,189527680,147590400,11672.954147,5625360.310400,1441.053854,36085,5.466122,6843656.926829
1736,709,641195712,641195712,17086.748777,5037255.072537,577.768481,182943,4.903303,307061482.869473
1737,710,483542680,441605400,14157.079825,2532517.466565,1441.053854,107915,5.057582,166720094.002633
1738,711,532939872,532939872,16819.020047,4951241.358536,576.837158,152037,4.978314,213314123.516866
1739,712,166666794,21504,1537.374611,7478.153049,1441.053854,168,2.000000,18671290.321263
1740,713,532939872,532939872,16372.676683,5042438.855801,1650.246643,152037,4.873136,205377490.809593
1741,714,335958680,294021400,17190.720458,1746110.186367,1441.053854,71880,5.452184,151801258.005508
1742,715,641195712,641195712,16652.053580,2821245.709292,2315.083877,182943,4.993452,291169907.136117
1743,716,189527680,147590400,12235.031521,1128919.200700,1441.053854,36085,4.857586,87179111.819229
1744,717,483542680,441605400,14184.195944,1255902.226420,1441.053854,107915,5.037548,155932550.012842
1745,718,532939872,532939872,14602.536587,4920098.947052,1403.446161,152037,4.326552,81674992.487775
1746,719,335958680,294021400,16125.801674,1124920.620168,1441.053854,71880,5.148998,193207630.733076
1747,720,166666794,21504,1505.115464,9163.915014,1441.053854,168,2.000000,20444436.467882
1748,721,166666794,21504,1551.794828,9370.479823,1441.053854,168,2.000000,20452876.718050
1749,722,166666794,21504,1568.535081,15539.031364,1441.053854,168,2.000000,20433592.033921
1750,723,166666794,21504,1493.176167,2913.420516,1441.053854,168,2.000000,20458757.882377
1751,724,166666794,21504,1453.084881,3462.266353,1441.053854,168,2.000000,19552321.964223
1752,725,335958680,294021400,16170.504281,2201820.531296,1441.053854,71880,5.227087,169198184.168868
1753,726,335958680,294021400,18053.302102,2510800.163524,1441.053854,71880,5.304243,276398387.994522
1754,727,166666794,21504,1459.340394,2044.500228,1441.053854,168,2.000000,19223367.546880
1755,728,335958680,294021400,17011.383715,2487534.580954,1441.053854,71880,5.292668,98194547.248112
1756,729,166666794,21504,1465.057095,2284.706660,1441.053854,168,2.000000,19159578.096283
1757,730,166666794,21504,1485.372719,8166.091007,1441.053854,168,2.000000,19061224.320155
1758,731,532939872,532939872,14888.454333,5000235.539752,2315.083877,152037,4.297829,215211077.328502
1759,732,532939872,532939872,20690.105956,5153193.858912,1650.246643,152037,5.039642,253185357.513619
1760,733,483542680,441605400,18465.501539,1618846.022301,591.738319,107915,5.204327,2010173603.944972
1761,734,204032,1543052752,9301.924577,472299.879853,591.738319,378072,1.972809,2151.926204
1762,735,87808,626939348,9567.215705,249519.874998,1441.053854,153628,2.000000,922.639751
1808,736,335958680,294021400,17088.924965,1844857.138649,1441.053854,71880,4.813592,221471277.279373
1809,737,335958680,294021400,15910.723739,2398926.124882,1441.053854,71880,5.214051,172406451.531243
1810,738,641094576,641094576,17865.370337,4986413.700884,1490.991427,170301,4.991468,349897042.337388
1811,739,532939872,532939872,15916.178751,2858812.036597,2315.083877,152037,4.402777,249565620.675995
1812,740,532939872,532939872,16638.580283,4984910.528908,1405.796642,152037,5.023935,276262575.579105
1813,741,532954320,532954320,16828.969110,4914265.043822,1490.991427,153843,4.769115,308063043.332289
1814,742,166666794,21504,1458.302419,1985.563475,1441.053854,168,2.000000,18480751.176074
1815,743,335958680,294021400,16379.941584,1632942.819435,1441.053854,71880,5.444296,104434469.259119
1816,744,483542680,441605400,14902.188535,2416373.827370,1441.053854,107915,5.219321,250772145.217841
1817,745,166666794,21504,1441.479543,1476.925065,1441.053854,168,2.000000,19218285.069882
1818,746,335958680,294021400,14717.441114,2417361.238880,1441.053854,71880,5.298150,105457388.782345
1819,747,166666794,21504,1460.943522,2080.371439,1441.053854,168,2.000000,19053607.548571
1820,748,166666794,21504,1469.760670,2429.548718,1441.053854,168,2.000000,20347128.671270
1821,749,483542680,441605400,14715.002504,2517353.499633,1441.053854,107915,5.124042,125695709.276127
1822,750,532939872,532939872,15507.782313,2798099.239776,1490.991427,152037,4.208824,246182458.165482
1823,751,166666794,21504,1452.941107,2404.662650,1441.053854,168,2.000000,20232670.055832
1824,752,166666794,21504,1457.732948,2222.754295,1441.053854,168,2.000000,19402109.989145
1825,753,166666794,21504,1446.685752,2019.512147,1441.053854,168,2.000000,19405821.001852
1826,754,425391840,425391840,16731.456691,2825144.902654,1650.246643,122949,4.874371,203351248.047103
1827,755,483542680,441605400,19247.933429,1304074.913715,1441.053854,107915,5.276227,135212575.506040
1828,756,641195712,641195712,15473.860651,4936798.020917,1403.446161,182943,4.741045,337911748.933271
1829,757,335958680,294021400,15396.791263,1086024.542047,1441.053854,71880,5.302059,123967063.172026
1830,758,532939872,532939872,18037.876043,5038515.067107,2315.083877,152037,4.965101,312724759.610240
1831,759,189527680,147590400,16840.418875,719301.972087,1441.053854,36085,5.458334,105781128.422203
1832,760,335958680,294021400,16775.865604,2550858.594548,1441.053854,71880,5.188258,150988820.776712
1833,761,335958680,294021400,17842.895234,2504810.296468,1441.053854,71880,5.408932,528732618.835389
1834,762,532939872,532939872,17316.163338,5031608.877552,1650.246643,152037,5.059420,270100357.224832
1835,763,166666794,21504,1450.428282,1963.050396,1441.053854,168,2.000000,18688065.122781
1836,764,166666794,21504,591.738319,591.738319,591.738319,168,1.000000,0.000000
1837,765,189527680,147590400,20304.065751,3329977.772461,591.738319,36085,4.711986,1521461982.294003
1838,766,145920,1084996050,7945.542241,299847.677483,591.738319,265850,1.807734,174.152433
1839,767,124416,918329256,9491.069648,239505.139503,1441.053854,225016,2.000000,510.598933
1885,768,335958680,294021400,19794.616037,2575148.092373,1441.053854,71880,5.396647,108990662.384028
1886,769,335958680,294021400,19245.569431,1346011.750618,1441.053854,71880,5.248011,264732898.518958
1887,770,483542680,441605400,16005.688436,1659356.357333,1441.053854,107915,5.354279,305203568.262942
1888,771,335958680,294021400,19738.540147,2240526.691222,1441.053854,71880,5.002101,151718653.677621
1889,772,189527680,147590400,13839.703077,4775114.011314,1441.053854,36085,5.372620,97781456.873996
1890,773,641210160,641210160,15670.391889,2812384.676576,1403.446161,184749,4.815257,254981221.411551
1891,774,335958680,294021400,16026.919455,1815467.636801,1441.053854,71880,4.932401,101959625.033325
1892,775,641195712,641195712,16562.663286,2878212.653500,1650.246643,182943,4.698617,66715338.435670
1893,776,166666794,21504,2210.927484,34621.881996,1441.053854,168,2.000000,19060673.193630
1894,777,425406288,425406288,18279.529965,4906356.697305,1405.796642,124755,4.812609,342328378.128154
1895,778,166666794,21504,2208.529478,31614.154768,1441.053854,168,2.000000,19080746.238939
1896,779,641195712,641195712,15170.392535,4860128.104476,1403.446161,182943,4.591299,377063874.873726
1897,780,641195712,641195712,16919.200945,2828623.664648,1488.474874,182943,4.509754,349219701.625054
1898,781,532954320,532954320,18207.694930,2788573.773854,1405.796642,153843,4.844172,306579762.902104
1899,782,166666794,21504,1765.657034,23644.718525,1441.053854,168,2.000000,19503736.166750
1900,783,166666794,21504,3296.661969,275817.543053,1441.053854,168,2.000000,27641926.701758
1901,784,335958680,294021400,16260.687095,2090207.731192,1441.053854,71880,4.890582,77544657.233382
1902,785,483542680,441605400,19961.378001,2284865.605047,1441.053854,107915,5.235120,158692236.993547
1903,786,335958680,294021400,19557.893946,2217867.214590,1441.053854,71880,5.102087,126779645.187719
1904,787,166666794,21504,1615.733261,11512.298028,1441.053854,168,2.000000,19703481.759464
1905,788,425391840,425391840,18659.803953,2792339.838998,1405.796642,122949,4.985132,236619072.199504
1906,789,166666794,21504,1562.642692,11823.679639,1441.053854,168,2.000000,19249497.761417
1907,790,166666794,21504,1446.950665,2287.256536,1441.053854,168,2.000000,19546314.989634
1908,791,335958680,294021400,18359.930149,2568833.901161,1441.053854,71880,5.451544,243285469.550401
1909,792,335958680,294021400,20179.939171,2457694.958928,1441.053854,71880,5.383333,241008814.057949
1910,793,641195712,641195712,15318.479092,4908716.478810,1403.446161,182943,4.505567,295675609.570933
1911,794,641195712,641195712,17772.091921,4938285.826908,1405.796642,182943,4.945076,292951193.573479
1912,795,189527680,147590400,12773.571035,1683095.000372,1441.053854,36085,5.031869,328995402.825781
1913,796,335958680,294021400,19933.592313,2046231.045406,591.738319,71880,5.303840,2062896897.815958
1914,797,641210160,641210160,18382.939839,4964621.758255,1403.446161,184749,4.831544,270477008.668614
1915,798,130816,960272936,9418.258737,779692.168456,591.738319,235296,1.956310,510.198036
1916,799,102912,751662462,9897.579651,26731.922949,1441.053854,184182,2.000000,952.544948
1962,800,166666794,21504,1480.646675,2930.845987,1441.053854,168,2.000000,19925591.864482
1963,801,335958680,294021400,17866.348118,2715298.096211,1441.053854,71880,5.287451,96034234.281936
1964,802,166666794,21504,1451.242556,2068.635686,1441.053854,168,2.000000,19743113.480117
1965,803,166666794,21504,1469.331927,2284.450166,1441.053854,168,2.000000,19749351.430535
1966,804,641094576,641094576,15693.298502,5050497.573706,1405.796642,170301,4.972179,368711480.353510
1967,805,166666794,21504,1445.570159,1964.857560,1441.053854,168,2.000000,18440093.435673
1968,806,335958680,294021400,14572.552625,2269123.469912,1441.053854,71880,5.078450,100179893.742608
1969,807,425391840,425391840,16742.511989,4890703.470146,2315.083877,122949,4.988995,199451830.506317
1970,808,483542680,441605400,15457.828182,2092759.175061,1441.053854,107915,5.131956,106739319.387874
1971,809,335958680,294021400,15909.806424,1679756.446122,1441.053854,71880,5.186491,219873987.974751
1972,810,335958680,294021400,17131.252784,2649098.766222,1441.053854,71880,5.428826,440219316.855232
1973,811,335958680,294021400,16706.866343,2606719.987561,1441.053854,71880,5.321466,499914806.319878
1974,812,166666794,21504,1446.373092,1664.461844,1441.053854,168,2.000000,19496378.847288
1975,813,532939872,532939872,14453.737573,2834710.031032,1403.446161,152037,4.700237,354384890.505979
1976,814,532939872,532939872,17171.349748,2796741.748807,1405.796642,152037,4.932352,251890803.580815
1977,815,166666794,21504,1444.918949,1907.783789,1441.053854,168,2.000000,19486808.023856
1978,816,166666794,21504,1444.849705,1577.633513,1441.053854,168,2.000000,20097624.075119
1979,817,166666794,21504,1460.344419,2080.298965,1441.053854,168,2.000000,20156391.264524
1980,818,166666794,21504,1446.448038,1988.024151,1441.053854,168,2.000000,20252823.784621
1981,819,335958680,294021400,16380.632348,2348728.155464,1441.053854,71880,5.114496,278414289.578902
1982,820,641195712,641195712,16519.012208,4939890.334740,2315.083877,182943,5.027637,338830615.361194
1983,821,189527680,147590400,18849.161866,4644899.660853,1441.053854,36085,5.413053,190763502.010156
1984,822,166666794,21504,1444.946746,1887.226039,1441.053854,168,2.000000,18891146.524873
1985,823,532939872,532939872,17107.378289,5055153.312072,1405.796642,152037,4.982991,209125105.116620
1986,824,166666794,21504,1535.859157,8907.398621,1441.053854,168,2.000000,20112393.362498
1987,825,166666794,21504,1483.634257,3478.021883,1441.053854,168,2.000000,20170668.606844
1988,826,166666794,21504,1509.194671,8787.636242,1441.053854,168,2.000000,20114067.540877
1989,827,532939872,532939872,16934.304611,4988794.713338,1488.474874,152037,5.029644,267229191.365053
1990,828,532939872,532939872,19557.113669,4968010.671053,1488.474874,152037,4.894776,275643456.710488
1991,829,166666794,21504,591.738319,591.738319,591.738319,168,1.000000,0.000000
1992,830,206336,1583888506,8548.655923,253247.170823,591.738319,388066,1.894776,1606.688640
1993,831,145920,1084996050,9680.394509,401919.873307,1441.053854,265850,2.000000,510.960588
2039,832,166666794,21504,4620.397406,532267.934403,1441.053854,168,2.000000,20444849.609139
2040,833,166666794,21504,1476.740257,2930.969978,1441.053854,168,2.000000,20452462.250961
2041,834,166666794,21504,1444.453660,1940.755164,1441.053854,168,2.000000,20432849.343275
2042,835,166666794,21504,1476.022749,2895.234921,1441.053854,168,2.000000,20459204.389755
2043,836,532939872,532939872,15086.679244,5008415.914589,1403.446161,152037,4.642081,343894979.194197
2044,837,483542680,441605400,17112.387108,2196714.712276,1441.053854,107915,4.981402,209487277.617280
2045,838,166666794,21504,10216.865211,1474351.811208,1441.053854,168,2.000000,19235806.619483
2046,839,166666794,21504,6873.579670,439177.741214,1441.053854,168,2.000000,19746448.498968
2047,840,335958680,294021400,18986.276055,2510424.297121,1441.053854,71880,5.287382,118882154.969306
2048,841,335958680,294021400,16979.898067,1067237.537302,1441.053854,71880,5.449485,205388071.494582
2049,842,189527680,147590400,18023.796831,4851407.692819,1441.053854,36085,5.123957,82296932.994980
2050,843,641195712,641195712,15358.790580,4943114.943771,1488.474874,182943,5.060336,354019430.892197
2051,844,483542680,441605400,15237.847432,1015771.877166,1441.053854,107915,5.409850,215593006.826139
2052,845,335958680,294021400,18460.221716,1699951.370514,1441.053854,71880,5.332624,153953354.584512
2053,846,335958680,294021400,18261.260233,1425408.353066,1441.053854,71880,5.261825,182107670.364104
2054,847,166666794,21504,1455.779029,2167.004239,1441.053854,168,2.000000,18973712.185533
2055,848,335958680,294021400,16692.578143,2418394.718590,1441.053854,71880,5.137521,117848281.031991
2056,849,166666794,21504,1453.543553,1940.807736,1441.053854,168,2.000000,19609025.445284
2057,850,166666794,21504,1485.745802,2749.042792,1441.053854,168,2.000000,20148255.220870
2058,851,335958680,294021400,14899.832235,2285592.785016,1441.053854,71880,4.798859,225357161.992526
2059,852,483542680,441605400,21247.033391,1362410.628067,1441.053854,107915,5.093083,90752400.090602
2060,853,532939872,532939872,15962.228395,4988868.255584,1405.796642,152037,5.063859,318138457.459859
2061,854,335958680,294021400,18818.833023,2280560.352265,1441.053854,71880,5.125097,196399901.826595
2062,855,318561216,318561216,14057.122425,5056606.888782,2315.083877,96879,4.797139,246295064.621575
2063,856,335958680,294021400,16932.892730,2114469.604804,1441.053854,71880,5.183083,199581734.398582
2064,857,483542680,441605400,15889.467793,2572920.911316,1441.053854,107915,5.379021,236466824.683969
2065,858,166666794,21504,1453.224205,2001.522090,1441.053854,168,2.000000,19180285.963330
2066,859,335958680,294021400,17760.659958,2248405.893280,1441.053854,71880,5.369018,194830885.943398
2067,860,335958680,294021400,22864.002143,3752513.203559,591.738319,71880,5.241055,1506410263.751940
2068,861,166666794,21504,591.738319,591.738319,591.738319,168,1.000000,0.000000
2069,862,158720,1168883410,8354.982285,371495.390082,591.738319,286410,1.821536,1083.686823
2070,863,173824,1293606524,9696.953244,665221.831724,1441.053854,316964,2.000000,2486.606273
2116,864,318546768,318546768,22086.356634,5197901.200256,2315.083877,95073,5.021089,155163286.724775
2117,865,532838736,532838736,22945.789364,4938027.097426,1403.446161,139395,5.121941,323949404.742903
2118,866,335958680,294021400,15669.127340,2567456.734561,1441.053854,71880,5.194658,80535241.994386
2119,867,532939872,532939872,24997.651219,5199334.506116,1403.446161,152037,4.956063,259615845.850864
2120,868,166666794,21504,1623.482772,25182.899869,1441.053854,168,2.000000,18567917.032475
2121,869,318546768,318546768,20225.740749,1365429.667397,2315.083877,95073,4.951921,182510495.756505
2122,870,641195712,641195712,20034.787255,2780746.144820,1403.446161,182943,5.069289,283590910.820457
2123,871,483542680,441605400,19803.616807,2370420.328393,1441.053854,107915,5.040411,217194279.553796
2124,872,641195712,641195712,21314.640347,2066012.167195,1405.796642,182943,4.604784,356647006.329756
2125,873,166666794,21504,1465.499087,3680.872088,1441.053854,168,2.000000,18846911.596805
2126,874,335958680,294021400,14780.449777,2532160.494706,1441.053854,71880,5.282401,132877094.308350
2127,875,532954320,532954320,21946.738537,4943424.993832,1488.474874,153843,5.052274,214814710.207172
2128,876,166666794,21504,1472.321653,3897.901384,1441.053854,168,2.000000,19892442.847201
2129,877,335958680,294021400,16400.090716,2572397.166931,1441.053854,71880,5.177309,168896664.213008
2130,878,532939872,532939872,21437.634434,5023038.787159,1405.796642,152037,5.011438,263965861.777530
2131,879,166666794,21504,1452.021826,2148.389175,1441.053854,168,2.000000,19895343.706781
2132,880,166666794,21504,1453.624980,1999.835265,1441.053854,168,2.000000,19904216.660812
2133,881,166666794,21504,1459.930629,2080.941616,1441.053854,168,2.000000,19869951.151890
2134,882,166666794,21504,1461.918277,2044.500228,1441.053854,168,2.000000,19879448.517773
2135,883,532939872,532939872,20680.492826,5057559.343358,2315.083877,152037,5.061209,248993575.849730
2136,884,641195712,641195712,19476.306716,2290923.290995,1488.474874,182943,4.475203,355078556.930441
2137,885,335958680,294021400,15506.087721,1964587.252216,1441.053854,71880,5.212076,179708782.694814
2138,886,532939872,532939872,20599.257304,5057258.216276,1488.474874,152037,4.990792,192159242.407044
2139,887,166666794,21504,2112.317898,81510.531843,1441.053854,168,2.000000,18601578.881899
2140,888,641094576,641094576,20101.514150,5051741.632119,2315.083877,170301,5.043770,284553671.970053
2141,889,335958680,294021400,17384.082583,2513098.685504,1441.053854,71880,5.256455,434169453.734589
2142,890,335958680,294021400,16118.229059,1128589.261624,1441.053854,71880,5.295854,258525353.049340
2143,891,166666794,21504,1729.604535,41418.585860,1441.053854,168,2.000000,18714010.301053
2144,892,641094576,641094576,21240.116124,2076564.776273,1403.446161,170301,4.997105,277672050.427103
2145,893,189527680,147590400,17780.807491,4905404.764535,591.738319,36085,5.425828,1575231.950369
2146,894,154624,1167775484,9122.279310,240753.712226,591.738319,286124,1.964072,100001782.186009
2147,895,90112,667775102,9323.134853,397978.198412,1441.053854,163622,2.000000,161.211931
2193,896,189527680,147590400,11933.763539,2284675.451325,1441.053854,36085,5.582236,104913630.880136
2194,897,335958680,294021400,16013.116836,2156539.375205,1441.053854,71880,5.019992,190719491.784520
2195,898,335958680,294021400,14599.407071,1280997.815772,1441.053854,71880,5.356720,218905872.873832
2196,899,166666794,21504,1446.102917,1923.561813,1441.053854,168,2.000000,18414926.982003
2197,900,166666794,21504,1441.483325,1477.067051,1441.053854,168,2.000000,19747191.405681
2198,901,425391840,425391840,16559.845395,2083734.030731,1488.474874,122949,4.792581,380079056.933822
2199,902,166666794,21504,1463.239824,2379.192690,1441.053854,168,2.000000,19774237.786669
2200,903,166666794,21504,1454.752397,1997.414164,1441.053854,168,2.000000,19760280.099429
2201,904,166666794,21504,1452.176788,2114.082709,1441.053854,168,2.000000,19779983.419206
2202,905,335958680,294021400,15850.868637,1220948.840673,1441.053854,71880,4.784752,133186116.035589
2203,906,166666794,21504,1456.142571,2037.706146,1441.053854,168,2.000000,19933580.425260
2204,907,166666794,21504,1471.411412,2732.449730,1441.053854,168,2.000000,19769167.379586
2205,908,483542680,441605400,16222.054172,1036966.733585,1441.053854,107915,5.458064,176280959.880123
2206,909,641195712,641195712,16302.405183,2081612.188574,2319.019588,182943,4.962699,352316815.267224
2207,910,335958680,294021400,17001.863795,2457961.364066,1441.053854,71880,5.257624,120545757.672598
2208,911,335958680,294021400,16279.808407,1239184.588706,1441.053854,71880,5.012674,67337814.226623
2209,912,641094576,641094576,17546.489872,2091258.195904,1403.446161,170301,5.002014,383638847.232635
2210,913,335958680,294021400,17059.096118,2615668.760413,1441.053854,71880,5.421285,96883956.865362
2211,914,166666794,21504,2037.925504,92989.331384,1441.053854,168,2.000000,19777297.296447
2212,915,166666794,21504,1462.848987,2079.831988,1441.053854,168,2.000000,20072648.225158
2213,916,335958680,294021400,18013.418409,1343145.286162,1441.053854,71880,5.488216,392981191.924791
2214,917,532939872,532939872,16797.793494,2090415.397813,2315.083877,152037,4.888895,280100852.677407
2215,918,166666794,21504,1475.736245,2486.652175,1441.053854,168,2.000000,19323926.642686
2216,919,166666794,21504,1457.525536,2365.535269,1441.053854,168,2.000000,19359535.759727
2217,920,483542680,441605400,13306.482413,1297493.325191,1441.053854,107915,5.100320,227158267.777467
2218,921,641210160,641210160,15186.715468,5194835.990267,1490.991427,184749,4.924925,288925329.851507
2219,922,189527680,147590400,11954.117977,60567.177041,1441.053854,36085,5.296106,100351595.232115
2220,923,335958680,294021400,16556.503684,2153756.492041,1441.053854,71880,5.036352,151573149.658635
2221,924,532939872,532939872,18879.282501,5052885.008848,2315.083877,152037,5.027618,306146777.268937
2222,925,166666794,21504,591.738319,591.738319,591.738319,168,1.000000,0.000000
2223,926,145920,1084996050,8219.210649,556463.332410,591.738319,265850,1.846402,509.385532
2224,927,188928,1418329638,9462.414443,101370.524559,1441.053854,347518,2.000000,1272.113279
2270,928,532939872,532939872,22507.368824,4945208.798844,2319.019588,152037,5.052645,224348568.471206
2271,929,532939872,532939872,23571.120460,2428210.901284,576.837158,152037,4.911574,259488190.374660
2272,930,335958680,294021400,13581.430016,2578922.310771,1441.053854,71880,5.213439,214433951.102194
2273,931,641195712,641195712,20464.810067,2789002.129323,577.768481,182943,4.918177,265488108.651511
2274,932,425406288,425406288,24554.934953,4992104.156012,2315.083877,124755,4.960955,181789239.660317
2275,933,166666794,21504,1606.766821,8749.040718,1441.053854,168,2.000000,19062652.906431
2276,934,166666794,21504,1566.460321,7090.503855,1441.053854,168,2.000000,19056271.380801
2277,935,532939872,532939872,22066.391930,2800214.540626,1403.446161,152037,5.060288,266932810.830397
2278,936,641094576,641094576,19417.608201,2425784.622390,831.088221,170301,3.851169,415235173.574500
2279,937,166666794,21504,1849.153183,58703.325762,1441.053854,168,2.000000,18363435.292240
2280,938,641094576,641094576,21503.218614,4988709.876171,912.578946,170301,4.520866,389752579.260293
2281,939,532838736,532838736,24382.436792,4975669.038555,912.578946,139395,4.479113,373402871.235676
2282,940,166666794,21504,1943.591647,19387.290590,1441.053854,168,2.000000,20872953.483173
2283,941,166666794,21504,1478.494594,3078.057015,1441.053854,168,2.000000,21189946.731820
2284,942,166666794,21504,1944.504620,20753.871269,1441.053854,168,2.000000,20775749.665095
2285,943,166666794,21504,1952.919267,23023.922667,1441.053854,168,2.000000,21520719.085736
2286,944,166666794,21504,1460.040884,2148.593582,1441.053854,168,2.000000,19820770.027198
2287,945,641195712,641195712,21325.769355,2133281.609673,1403.446161,182943,5.131024,265266398.059264
2288,946,166666794,21504,1444.929421,1977.651301,1441.053854,168,2.000000,19820533.507597
2289,947,166666794,21504,1492.517081,5828.049906,1441.053854,168,2.000000,19856620.364562
2290,948,532939872,532939872,24966.683656,4977345.151077,2315.083877,152037,5.106060,247137805.249433
2291,949,425406288,425406288,22522.229845,5001557.663339,1488.474874,124755,4.791367,150504104.338783
2292,950,335958680,294021400,15534.889767,2451771.734590,1441.053854,71880,5.423595,207610703.839889
2293,951,166666794,21504,1461.023143,3156.790620,1441.053854,168,2.000000,18412687.932678
2294,952,189527680,147590400,11817.777516,2133852.469581,1441.053854,36085,5.039601,173289814.027196
2295,953,166666794,21504,1470.232607,3250.092325,1441.053854,168,2.000000,19794836.305560
2296,954,166666794,21504,1467.802015,2849.821858,1441.053854,168,2.000000,20131179.274880
2297,955,166666794,21504,1512.930792,7339.698964,1441.053854,168,2.000000,19859285.372050
2298,956,641094576,641094576,21096.465712,4969997.595500,1405.796642,170301,4.917981,327547358.969038
2299,957,335958680,294021400,15174.643755,1203438.031625,591.738319,71880,5.399457,2144856085.768175
2300,958,191232,1459165392,9206.896433,235569.501955,591.738319,357512,1.971246,1287.041674
2301,959,135424,1041944444,9379.788531,26949.786879,1441.053854,255284,2.000000,21755.303217
2347,960,0,0,-nan,0.000000,2147483647.000000,0,-nan,0.000000
2348,961,0,0,-nan,0.000000,2147483647.000000,0,-nan,0.000000
2349,962,0,0,-nan,0.000000,2147483647.000000,0,-nan,0.000000
2350,963,0,0,-nan,0.000000,2147483647.000000,0,-nan,0.000000
2351,964,0,0,-nan,0.000000,2147483647.000000,0,-nan,0.000000
2352,965,0,0,-nan,0.000000,2147483647.000000,0,-nan,0.000000
2353,966,0,0,-nan,0.000000,2147483647.000000,0,-nan,0.000000
2354,967,0,0,-nan,0.000000,2147483647.000000,0,-nan,0.000000
2355,968,0,0,-nan,0.000000,2147483647.000000,0,-nan,0.000000
2356,969,0,0,-nan,0.000000,2147483647.000000,0,-nan,0.000000
2357,970,0,0,-nan,0.000000,2147483647.000000,0,-nan,0.000000
2358,971,0,0,-nan,0.000000,2147483647.000000,0,-nan,0.000000
2359,972,0,0,-nan,0.000000,2147483647.000000,0,-nan,0.000000
2360,973,0,0,-nan,0.000000,2147483647.000000,0,-nan,0.000000
2361,974,0,0,-nan,0.000000,2147483647.000000,0,-nan,0.000000
2362,975,0,0,-nan,0.000000,2147483647.000000,0,-nan,0.000000
2363,976,0,0,-nan,0.000000,2147483647.000000,0,-nan,0.000000
2364,977,0,0,-nan,0.000000,2147483647.000000,0,-nan,0.000000
2365,978,0,0,-nan,0.000000,2147483647.000000,0,-nan,0.000000
2366,979,0,0,-nan,0.000000,2147483647.000000,0,-nan,0.000000
2367,980,0,0,-nan,0.000000,2147483647.000000,0,-nan,0.000000
2368,981,0,0,-nan,0.000000,2147483647.000000,0,-nan,0.000000
2369,982,0,0,-nan,0.000000,2147483647.000000,0,-nan,0.000000
2370,983,0,0,-nan,0.000000,2147483647.000000,0,-nan,0.000000
2371,984,0,0,-nan,0.000000,2147483647.000000,0,-nan,0.000000
2372,985,0,0,-nan,0.000000,2147483647.000000,0,-nan,0.000000
2373,986,0,0,-nan,0.000000,2147483647.000000,0,-nan,0.000000
2374,987,0,0,-nan,0.000000,2147483647.000000,0,-nan,0.000000
2375,988,0,0,-nan,0.000000,2147483647.000000,0,-nan,0.000000
2376,989,0,0,-nan,0.000000,2147483647.000000,0,-nan,0.000000
2377,990,0,0,-nan,0.000000,2147483647.000000,0,-nan,0.000000
2378,991,0,0,-nan,0.000000,2147483647.000000,0,-nan,0.000000
2424,992,0,0,-nan,0.000000,2147483647.000000,0,-nan,0.000000
2425,993,0,0,-nan,0.000000,2147483647.000000,0,-nan,0.000000
2426,994,0,0,-nan,0.000000,2147483647.000000,0,-nan,0.000000
2427,995,0,0,-nan,0.000000,2147483647.000000,0,-nan,0.000000
2428,996,0,0,-nan,0.000000,2147483647.000000,0,-nan,0.000000
2429,997,0,0,-nan,0.000000,2147483647.000000,0,-nan,0.000000
2430,998,0,0,-nan,0.000000,2147483647.000000,0,-nan,0.000000
2431,999,0,0,-nan,0.000000,2147483647.000000,0,-nan,0.000000
2432,1000,0,0,-nan,0.000000,2147483647.000000,0,-nan,0.000000
2433,1001,0,0,-nan,0.000000,2147483647.000000,0,-nan,0.000000
2434,1002,0,0,-nan,0.000000,2147483647.000000,0,-nan,0.000000
2435,1003,0,0,-nan,0.000000,2147483647.000000,0,-nan,0.000000
2436,1004,0,0,-nan,0.000000,2147483647.000000,0,-nan,0.000000
2437,1005,0,0,-nan,0.000000,2147483647.000000,0,-nan,0.000000
2438,1006,0,0,-nan,0.000000,2147483647.000000,0,-nan,0.000000
2439,1007,0,0,-nan,0.000000,2147483647.000000,0,-nan,0.000000
2440,1008,0,0,-nan,0.000000,2147483647.000000,0,-nan,0.000000
2441,1009,0,0,-nan,0.000000,2147483647.000000,0,-nan,0.000000
2442,1010,0,0,-nan,0.000000,2147483647.000000,0,-nan,0.000000
2443,1011,0,0,-nan,0.000000,2147483647.000000,0,-nan,0.000000
2444,1012,0,0,-nan,0.000000,2147483647.000000,0,-nan,0.000000
2445,1013,0,0,-nan,0.000000,2147483647.000000,0,-nan,0.000000
2446,1014,0,0,-nan,0.000000,2147483647.000000,0,-nan,0.000000
2447,1015,0,0,-nan,0.000000,2147483647.000000,0,-nan,0.000000
2448,1016,0,0,-nan,0.000000,2147483647.000000,0,-nan,0.000000
2449,1017,0,0,-nan,0.000000,2147483647.000000,0,-nan,0.000000
2450,1018,0,0,-nan,0.000000,2147483647.000000,0,-nan,0.000000
2451,1019,0,0,-nan,0.000000,2147483647.000000,0,-nan,0.000000
2452,1020,0,0,-nan,0.000000,2147483647.000000,0,-nan,0.000000
2453,1021,0,0,-nan,0.000000,2147483647.000000,0,-nan,0.000000
2454,1022,0,0,-nan,0.000000,2147483647.000000,0,-nan,0.000000
2455,1023,0,0,-nan,0.000000,2147483647.000000,0,-nan,0.000000
2501,1024,0,0,-nan,0.000000,2147483647.000000,0,-nan,0.000000
2502,1025,0,0,-nan,0.000000,2147483647.000000,0,-nan,0.000000
2503,1026,0,0,-nan,0.000000,2147483647.000000,0,-nan,0.000000
2504,1027,0,0,-nan,0.000000,2147483647.000000,0,-nan,0.000000
2505,1028,0,0,-nan,0.000000,2147483647.000000,0,-nan,0.000000
2506,1029,0,0,-nan,0.000000,2147483647.000000,0,-nan,0.000000
2507,1030,0,0,-nan,0.000000,2147483647.000000,0,-nan,0.000000
2508,1031,0,0,-nan,0.000000,2147483647.000000,0,-nan,0.000000
2509,1032,0,0,-nan,0.000000,2147483647.000000,0,-nan,0.000000
2510,1033,0,0,-nan,0.000000,2147483647.000000,0,-nan,0.000000
2511,1034,0,0,-nan,0.000000,2147483647.000000,0,-nan,0.000000
2512,1035,0,0,-nan,0.000000,2147483647.000000,0,-nan,0.000000
2513,1036,0,0,-nan,0.000000,2147483647.000000,0,-nan,0.000000
2514,1037,0,0,-nan,0.000000,2147483647.000000,0,-nan,0.000000
2515,1038,0,0,-nan,0.000000,2147483647.000000,0,-nan,0.000000
2516,1039,0,0,-nan,0.000000,2147483647.000000,0,-nan,0.000000
2517,1040,0,0,-nan,0.000000,2147483647.000000,0,-nan,0.000000
2518,1041,0,0,-nan,0.000000,2147483647.000000,0,-nan,0.000000
2519,1042,0,0,-nan,0.000000,2147483647.000000,0,-nan,0.000000
2520,1043,0,0,-nan,0.000000,2147483647.000000,0,-nan,0.000000
2521,1044,0,0,-nan,0.000000,2147483647.000000,0,-nan,0.000000
2522,1045,0,0,-nan,0.000000,2147483647.000000,0,-nan,0.000000
2523,1046,0,0,-nan,0.000000,2147483647.000000,0,-nan,0.000000
2524,1047,0,0,-nan,0.000000,2147483647.000000,0,-nan,0.000000
2525,1048,0,0,-nan,0.000000,2147483647.000000,0,-nan,0.000000
2526,1049,0,0,-nan,0.000000,2147483647.000000,0,-nan,0.000000
2527,1050,0,0,-nan,0.000000,2147483647.000000,0,-nan,0.000000
2528,1051,0,0,-nan,0.000000,2147483647.000000,0,-nan,0.000000
2529,1052,0,0,-nan,0.000000,2147483647.000000,0,-nan,0.000000
2530,1053,0,0,-nan,0.000000,2147483647.000000,0,-nan,0.000000
2531,1054,0,0,-nan,0.000000,2147483647.000000,0,-nan,0.000000
2532,1055,0,0,-nan,0.000000,2147483647.000000,0,-nan,0.000000
